id,rating,comment,when_reviewed,product_id,customer_id
0,4,not too shabby,2024-05-09 00:00:00,93,106
1,5,not too shabby x2,2024-11-03 00:00:00,21,121
2,3,somewhat not trash,2023-01-23 00:00:00,87,458
3,5,not too shabby x2,2024-08-28 00:00:00,100,663
4,3,somewhat not trash,2024-07-14 00:00:00,22,769
5,4,not too shabby,2024-11-17 00:00:00,30,385
6,4,not too shabby,2024-10-23 00:00:00,21,459
7,2,still trash,2024-02-12 00:00:00,22,747
8,1,trash,2024-10-10 00:00:00,49,58
9,2,still trash,2024-03-23 00:00:00,92,975
10,3,somewhat not trash,2024-12-20 00:00:00,55,831
11,1,trash,2024-11-25 00:00:00,3,818
12,5,not too shabby x2,2024-04-07 00:00:00,73,273
13,4,not too shabby,2023-12-16 00:00:00,89,13
14,2,still trash,2025-01-26 00:00:00,9,564
15,2,still trash,2024-04-21 00:00:00,84,366
16,4,not too shabby,2024-09-02 00:00:00,71,508
17,3,somewhat not trash,2022-12-23 00:00:00,78,931
18,2,still trash,2025-02-05 00:00:00,104,1
19,2,still trash,2025-03-09 00:00:00,4,476
20,2,still trash,2024-11-11 00:00:00,90,161
21,2,still trash,2024-10-31 00:00:00,62,269
22,4,not too shabby,2024-12-04 00:00:00,62,724
23,5,not too shabby x2,2024-04-26 00:00:00,82,52
24,2,still trash,2024-12-13 00:00:00,89,187
25,4,not too shabby,2024-12-26 00:00:00,41,14
26,5,not too shabby x2,2024-07-31 00:00:00,65,838
27,1,trash,2024-12-20 00:00:00,88,647
28,3,somewhat not trash,2024-12-22 00:00:00,81,674
29,3,somewhat not trash,2025-03-10 00:00:00,33,772
30,2,still trash,2024-11-26 00:00:00,103,27
31,1,trash,2024-02-27 00:00:00,72,929
32,1,trash,2024-07-15 00:00:00,48,406
33,5,not too shabby x2,2024-07-23 00:00:00,99,871
34,3,somewhat not trash,2024-11-20 00:00:00,35,738
35,5,not too shabby x2,2024-11-17 00:00:00,47,642
36,1,trash,2024-07-20 00:00:00,5,502
37,3,somewhat not trash,2025-01-24 00:00:00,9,14
38,2,still trash,2024-10-14 00:00:00,42,460
39,3,somewhat not trash,2024-11-19 00:00:00,63,742
40,1,trash,2024-12-20 00:00:00,52,899
41,5,not too shabby x2,2024-01-07 00:00:00,23,748
42,3,somewhat not trash,2024-12-09 00:00:00,29,524
43,3,somewhat not trash,2024-02-06 00:00:00,86,577
44,2,still trash,2024-11-08 00:00:00,45,952
45,5,not too shabby x2,2023-11-07 00:00:00,6,27
46,4,not too shabby,2025-01-23 00:00:00,44,797
47,3,somewhat not trash,2024-08-19 00:00:00,92,230
48,1,trash,2025-02-10 00:00:00,1,282
49,1,trash,2024-08-04 00:00:00,77,258
50,3,somewhat not trash,2024-10-07 00:00:00,9,676
51,1,trash,2024-07-02 00:00:00,51,683
52,3,somewhat not trash,2024-10-02 00:00:00,32,471
53,1,trash,2025-02-17 00:00:00,52,829
54,1,trash,2024-11-21 00:00:00,58,267
55,2,still trash,2024-10-25 00:00:00,3,612
56,1,trash,2024-08-23 00:00:00,56,698
57,1,trash,2024-11-14 00:00:00,2,219
58,5,not too shabby x2,2024-08-07 00:00:00,96,384
59,3,somewhat not trash,2025-02-22 00:00:00,2,683
60,2,still trash,2024-08-16 00:00:00,32,415
61,4,not too shabby,2024-05-20 00:00:00,55,183
62,3,somewhat not trash,2024-05-23 00:00:00,17,293
63,5,not too shabby x2,2024-07-05 00:00:00,98,981
64,3,somewhat not trash,2025-03-01 00:00:00,16,200
65,4,not too shabby,2024-11-17 00:00:00,59,463
66,5,not too shabby x2,2025-02-23 00:00:00,3,763
67,3,somewhat not trash,2024-07-03 00:00:00,36,345
68,3,somewhat not trash,2024-07-15 00:00:00,19,863
69,4,not too shabby,2024-11-23 00:00:00,33,639
70,2,still trash,2024-10-25 00:00:00,104,778
71,4,not too shabby,2025-02-10 00:00:00,57,945
72,2,still trash,2024-10-05 00:00:00,99,763
73,2,still trash,2024-12-29 00:00:00,60,1
74,1,trash,2024-12-22 00:00:00,48,651
75,5,not too shabby x2,2024-09-05 00:00:00,37,8
76,1,trash,2024-01-30 00:00:00,99,815
77,3,somewhat not trash,2024-04-04 00:00:00,20,53
78,1,trash,2025-03-02 00:00:00,24,586
79,1,trash,2024-05-15 00:00:00,72,421
80,4,not too shabby,2025-01-05 00:00:00,99,509
81,1,trash,2024-02-21 00:00:00,99,860
82,2,still trash,2023-08-27 00:00:00,82,821
83,3,somewhat not trash,2024-04-12 00:00:00,80,680
84,4,not too shabby,2024-03-12 00:00:00,33,800
85,5,not too shabby x2,2023-09-16 00:00:00,48,503
86,3,somewhat not trash,2024-07-13 00:00:00,17,32
87,4,not too shabby,2024-08-05 00:00:00,59,469
88,5,not too shabby x2,2025-02-15 00:00:00,51,775
89,3,somewhat not trash,2024-06-18 00:00:00,27,276
90,1,trash,2024-10-28 00:00:00,28,959
91,1,trash,2024-07-10 00:00:00,69,815
92,3,somewhat not trash,2025-02-22 00:00:00,4,191
93,1,trash,2024-11-14 00:00:00,17,219
94,5,not too shabby x2,2023-04-25 00:00:00,46,517
95,3,somewhat not trash,2025-01-14 00:00:00,37,348
96,1,trash,2024-09-07 00:00:00,46,606
97,3,somewhat not trash,2024-11-19 00:00:00,60,115
98,5,not too shabby x2,2024-05-02 00:00:00,85,982
99,1,trash,2025-02-22 00:00:00,67,17
100,1,trash,2025-01-28 00:00:00,95,569
101,3,somewhat not trash,2024-12-08 00:00:00,104,791
102,2,still trash,2025-02-17 00:00:00,32,853
103,2,still trash,2024-06-21 00:00:00,27,385
104,2,still trash,2025-03-09 00:00:00,17,928
105,1,trash,2024-10-09 00:00:00,43,175
106,5,not too shabby x2,2024-02-23 00:00:00,42,537
107,3,somewhat not trash,2024-10-09 00:00:00,50,407
108,5,not too shabby x2,2025-02-08 00:00:00,60,902
109,1,trash,2024-06-05 00:00:00,36,19
110,1,trash,2024-05-13 00:00:00,8,399
111,4,not too shabby,2025-01-06 00:00:00,87,91
112,2,still trash,2024-12-28 00:00:00,66,726
113,3,somewhat not trash,2024-02-06 00:00:00,25,574
114,5,not too shabby x2,2025-01-11 00:00:00,22,569
115,1,trash,2024-12-09 00:00:00,52,837
116,3,somewhat not trash,2025-03-06 00:00:00,60,992
117,5,not too shabby x2,2025-01-02 00:00:00,60,4
118,4,not too shabby,2024-04-14 00:00:00,6,991
119,4,not too shabby,2025-02-10 00:00:00,94,866
120,4,not too shabby,2025-02-27 00:00:00,16,369
121,4,not too shabby,2024-04-23 00:00:00,30,656
122,3,somewhat not trash,2025-01-13 00:00:00,92,950
123,2,still trash,2024-09-06 00:00:00,101,116
124,1,trash,2024-10-28 00:00:00,12,57
125,2,still trash,2025-01-02 00:00:00,1,801
126,1,trash,2025-01-25 00:00:00,104,884
127,1,trash,2024-10-31 00:00:00,16,998
128,5,not too shabby x2,2024-08-04 00:00:00,22,246
129,3,somewhat not trash,2024-08-01 00:00:00,76,655
130,3,somewhat not trash,2024-08-21 00:00:00,101,696
131,5,not too shabby x2,2024-10-18 00:00:00,78,68
132,1,trash,2025-02-18 00:00:00,94,957
133,4,not too shabby,2025-01-03 00:00:00,69,911
134,2,still trash,2025-01-30 00:00:00,90,340
135,4,not too shabby,2025-01-26 00:00:00,33,733
136,5,not too shabby x2,2024-10-05 00:00:00,23,521
137,5,not too shabby x2,2025-01-30 00:00:00,100,179
138,2,still trash,2024-01-16 00:00:00,19,607
139,1,trash,2024-02-04 00:00:00,69,15
140,2,still trash,2023-07-02 00:00:00,92,159
141,3,somewhat not trash,2024-04-17 00:00:00,84,907
142,2,still trash,2023-01-20 00:00:00,35,544
143,1,trash,2024-10-16 00:00:00,61,426
144,5,not too shabby x2,2025-01-25 00:00:00,12,576
145,1,trash,2024-12-09 00:00:00,40,42
146,4,not too shabby,2025-02-13 00:00:00,29,11
147,2,still trash,2024-07-22 00:00:00,35,848
148,2,still trash,2024-11-05 00:00:00,8,921
149,2,still trash,2024-10-24 00:00:00,90,114
150,1,trash,2023-11-27 00:00:00,7,825
151,5,not too shabby x2,2024-06-19 00:00:00,75,375
152,4,not too shabby,2022-07-27 00:00:00,89,760
153,4,not too shabby,2024-11-04 00:00:00,10,456
154,3,somewhat not trash,2024-11-21 00:00:00,49,547
155,2,still trash,2024-05-13 00:00:00,103,663
156,5,not too shabby x2,2024-11-29 00:00:00,12,694
157,5,not too shabby x2,2023-12-28 00:00:00,23,866
158,1,trash,2025-02-15 00:00:00,30,880
159,4,not too shabby,2024-08-30 00:00:00,89,396
160,3,somewhat not trash,2024-08-22 00:00:00,19,611
161,4,not too shabby,2024-12-26 00:00:00,61,914
162,4,not too shabby,2024-10-29 00:00:00,9,795
163,4,not too shabby,2024-08-09 00:00:00,83,366
164,5,not too shabby x2,2025-02-27 00:00:00,69,395
165,1,trash,2024-11-03 00:00:00,52,468
166,4,not too shabby,2025-03-08 00:00:00,53,143
167,1,trash,2025-02-08 00:00:00,39,692
168,2,still trash,2024-10-01 00:00:00,58,397
169,2,still trash,2024-11-27 00:00:00,5,214
170,5,not too shabby x2,2024-03-08 00:00:00,75,750
171,4,not too shabby,2022-09-09 00:00:00,9,953
172,4,not too shabby,2022-10-15 00:00:00,17,229
173,5,not too shabby x2,2024-09-21 00:00:00,40,392
174,2,still trash,2024-05-17 00:00:00,27,193
175,5,not too shabby x2,2024-10-09 00:00:00,29,421
176,3,somewhat not trash,2023-11-07 00:00:00,8,364
177,1,trash,2024-09-29 00:00:00,86,656
178,1,trash,2023-10-23 00:00:00,45,803
179,4,not too shabby,2024-02-26 00:00:00,31,444
180,4,not too shabby,2024-04-20 00:00:00,54,90
181,2,still trash,2024-08-21 00:00:00,90,38
182,3,somewhat not trash,2024-09-02 00:00:00,45,753
183,4,not too shabby,2025-01-24 00:00:00,58,475
184,5,not too shabby x2,2024-12-20 00:00:00,39,386
185,5,not too shabby x2,2024-11-09 00:00:00,92,504
186,4,not too shabby,2024-11-22 00:00:00,25,928
187,5,not too shabby x2,2025-01-15 00:00:00,6,555
188,5,not too shabby x2,2024-03-19 00:00:00,32,828
189,5,not too shabby x2,2023-12-07 00:00:00,80,212
190,3,somewhat not trash,2024-08-17 00:00:00,101,226
191,3,somewhat not trash,2024-12-15 00:00:00,20,401
192,1,trash,2025-02-08 00:00:00,49,142
193,1,trash,2025-01-07 00:00:00,54,258
194,1,trash,2024-12-06 00:00:00,75,329
195,4,not too shabby,2024-11-17 00:00:00,24,372
196,2,still trash,2024-12-16 00:00:00,92,89
197,2,still trash,2024-11-10 00:00:00,60,539
198,4,not too shabby,2024-08-23 00:00:00,101,739
199,3,somewhat not trash,2024-12-06 00:00:00,63,200
200,1,trash,2024-12-09 00:00:00,84,731
201,5,not too shabby x2,2025-02-18 00:00:00,13,546
202,5,not too shabby x2,2023-03-25 00:00:00,6,882
203,5,not too shabby x2,2023-10-13 00:00:00,47,449
204,2,still trash,2024-10-23 00:00:00,56,241
205,3,somewhat not trash,2024-09-08 00:00:00,5,800
206,1,trash,2024-11-09 00:00:00,18,238
207,1,trash,2025-02-14 00:00:00,11,281
208,1,trash,2025-03-01 00:00:00,86,794
209,1,trash,2024-05-13 00:00:00,77,609
210,1,trash,2025-02-09 00:00:00,99,384
211,5,not too shabby x2,2024-12-18 00:00:00,55,475
212,1,trash,2024-10-02 00:00:00,69,644
213,3,somewhat not trash,2024-07-03 00:00:00,53,996
214,5,not too shabby x2,2024-08-28 00:00:00,37,457
215,3,somewhat not trash,2025-03-07 00:00:00,17,77
216,1,trash,2025-01-03 00:00:00,1,684
217,5,not too shabby x2,2024-10-27 00:00:00,4,448
218,1,trash,2025-01-28 00:00:00,104,33
219,4,not too shabby,2024-08-23 00:00:00,95,550
220,2,still trash,2024-05-21 00:00:00,34,117
221,3,somewhat not trash,2024-11-29 00:00:00,50,960
222,4,not too shabby,2024-10-17 00:00:00,5,733
223,3,somewhat not trash,2023-12-18 00:00:00,57,623
224,5,not too shabby x2,2025-03-04 00:00:00,85,577
225,3,somewhat not trash,2024-11-30 00:00:00,51,421
226,4,not too shabby,2025-02-07 00:00:00,98,305
227,2,still trash,2023-11-09 00:00:00,82,334
228,3,somewhat not trash,2024-11-04 00:00:00,51,993
229,4,not too shabby,2024-05-10 00:00:00,38,983
230,4,not too shabby,2024-08-19 00:00:00,30,105
231,3,somewhat not trash,2024-03-18 00:00:00,81,796
232,4,not too shabby,2025-01-07 00:00:00,10,400
233,2,still trash,2023-08-27 00:00:00,17,851
234,5,not too shabby x2,2024-11-19 00:00:00,34,52
235,2,still trash,2024-06-14 00:00:00,77,746
236,3,somewhat not trash,2025-02-05 00:00:00,75,110
237,1,trash,2024-11-27 00:00:00,23,847
238,3,somewhat not trash,2024-11-26 00:00:00,16,899
239,4,not too shabby,2024-03-07 00:00:00,56,194
240,3,somewhat not trash,2024-04-22 00:00:00,27,671
241,2,still trash,2025-01-31 00:00:00,61,50
242,3,somewhat not trash,2024-07-16 00:00:00,21,465
243,4,not too shabby,2024-08-07 00:00:00,42,533
244,5,not too shabby x2,2023-10-14 00:00:00,70,644
245,1,trash,2025-03-06 00:00:00,12,45
246,2,still trash,2024-10-24 00:00:00,49,729
247,5,not too shabby x2,2024-04-30 00:00:00,27,793
248,1,trash,2024-03-06 00:00:00,47,213
249,3,somewhat not trash,2025-03-09 00:00:00,63,572
250,1,trash,2024-06-06 00:00:00,26,256
251,1,trash,2024-03-25 00:00:00,99,691
252,2,still trash,2025-03-09 00:00:00,28,77
253,2,still trash,2024-12-06 00:00:00,26,698
254,3,somewhat not trash,2024-12-29 00:00:00,7,622
255,3,somewhat not trash,2025-01-23 00:00:00,18,805
256,3,somewhat not trash,2024-12-14 00:00:00,15,984
257,5,not too shabby x2,2024-11-29 00:00:00,28,38
258,1,trash,2023-04-27 00:00:00,17,85
259,2,still trash,2024-03-27 00:00:00,44,144
260,5,not too shabby x2,2025-01-15 00:00:00,84,579
261,2,still trash,2024-09-23 00:00:00,67,108
262,2,still trash,2024-10-14 00:00:00,100,469
263,2,still trash,2024-04-18 00:00:00,8,368
264,4,not too shabby,2023-10-25 00:00:00,83,424
265,5,not too shabby x2,2022-12-25 00:00:00,6,281
266,2,still trash,2025-03-08 00:00:00,59,314
267,5,not too shabby x2,2023-12-26 00:00:00,70,376
268,1,trash,2024-06-09 00:00:00,53,276
269,4,not too shabby,2024-06-16 00:00:00,94,445
270,1,trash,2024-10-08 00:00:00,3,542
271,5,not too shabby x2,2024-01-06 00:00:00,36,222
272,2,still trash,2024-03-14 00:00:00,84,74
273,4,not too shabby,2025-01-24 00:00:00,79,117
274,1,trash,2024-12-14 00:00:00,94,997
275,3,somewhat not trash,2024-12-22 00:00:00,62,193
276,3,somewhat not trash,2024-08-19 00:00:00,8,434
277,5,not too shabby x2,2023-06-29 00:00:00,44,325
278,2,still trash,2024-05-16 00:00:00,68,723
279,1,trash,2023-11-18 00:00:00,20,139
280,1,trash,2025-01-24 00:00:00,90,319
281,5,not too shabby x2,2024-10-23 00:00:00,11,867
282,5,not too shabby x2,2025-01-27 00:00:00,3,901
283,2,still trash,2024-11-18 00:00:00,10,918
284,2,still trash,2024-02-14 00:00:00,44,12
285,2,still trash,2024-04-19 00:00:00,84,318
286,5,not too shabby x2,2023-09-05 00:00:00,73,776
287,3,somewhat not trash,2024-11-27 00:00:00,15,549
288,3,somewhat not trash,2024-06-09 00:00:00,94,816
289,5,not too shabby x2,2024-12-23 00:00:00,62,235
290,2,still trash,2024-03-19 00:00:00,78,375
291,3,somewhat not trash,2023-05-16 00:00:00,9,587
292,3,somewhat not trash,2024-08-21 00:00:00,35,295
293,4,not too shabby,2024-12-03 00:00:00,64,839
294,3,somewhat not trash,2024-12-11 00:00:00,101,827
295,3,somewhat not trash,2025-01-12 00:00:00,85,4
296,3,somewhat not trash,2024-08-13 00:00:00,78,573
297,4,not too shabby,2023-07-08 00:00:00,89,41
298,1,trash,2024-04-01 00:00:00,18,839
299,3,somewhat not trash,2024-10-17 00:00:00,38,22
300,1,trash,2024-12-31 00:00:00,25,224
301,2,still trash,2025-02-12 00:00:00,78,615
302,3,somewhat not trash,2024-09-09 00:00:00,39,197
303,3,somewhat not trash,2023-04-16 00:00:00,7,967
304,2,still trash,2025-01-26 00:00:00,64,14
305,5,not too shabby x2,2024-11-10 00:00:00,33,230
306,3,somewhat not trash,2025-02-18 00:00:00,36,549
307,1,trash,2024-07-09 00:00:00,97,410
308,1,trash,2024-07-23 00:00:00,68,833
309,2,still trash,2023-07-23 00:00:00,5,841
310,1,trash,2025-02-23 00:00:00,38,158
311,4,not too shabby,2024-06-16 00:00:00,88,695
312,5,not too shabby x2,2024-09-11 00:00:00,8,156
313,4,not too shabby,2023-01-31 00:00:00,76,129
314,3,somewhat not trash,2024-04-09 00:00:00,95,754
315,4,not too shabby,2024-05-03 00:00:00,36,810
316,3,somewhat not trash,2025-03-13 00:00:00,69,10
317,2,still trash,2025-02-20 00:00:00,104,133
318,2,still trash,2024-08-22 00:00:00,46,395
319,2,still trash,2025-01-21 00:00:00,13,957
320,2,still trash,2023-11-30 00:00:00,89,622
321,4,not too shabby,2025-01-02 00:00:00,43,355
322,4,not too shabby,2025-02-28 00:00:00,5,804
323,2,still trash,2023-02-10 00:00:00,92,377
324,1,trash,2025-02-02 00:00:00,51,461
325,1,trash,2024-04-14 00:00:00,86,406
326,1,trash,2025-01-09 00:00:00,46,404
327,2,still trash,2024-02-10 00:00:00,36,982
328,1,trash,2024-12-26 00:00:00,1,949
329,3,somewhat not trash,2025-02-05 00:00:00,40,660
330,1,trash,2025-01-29 00:00:00,53,201
331,4,not too shabby,2023-10-04 00:00:00,57,665
332,1,trash,2024-11-30 00:00:00,35,243
333,1,trash,2024-06-29 00:00:00,90,805
334,2,still trash,2024-12-15 00:00:00,7,474
335,2,still trash,2024-02-04 00:00:00,91,639
336,3,somewhat not trash,2024-08-20 00:00:00,59,762
337,3,somewhat not trash,2025-01-12 00:00:00,54,24
338,4,not too shabby,2025-03-06 00:00:00,70,855
339,1,trash,2024-07-30 00:00:00,49,62
340,3,somewhat not trash,2023-11-08 00:00:00,22,155
341,2,still trash,2025-01-26 00:00:00,85,966
342,1,trash,2024-12-21 00:00:00,84,688
343,4,not too shabby,2023-03-01 00:00:00,86,62
344,5,not too shabby x2,2024-10-07 00:00:00,104,326
345,1,trash,2024-10-30 00:00:00,96,989
346,3,somewhat not trash,2024-11-28 00:00:00,56,317
347,5,not too shabby x2,2024-12-13 00:00:00,49,476
348,3,somewhat not trash,2024-12-14 00:00:00,18,589
349,3,somewhat not trash,2024-07-14 00:00:00,47,501
350,4,not too shabby,2024-11-21 00:00:00,94,946
351,4,not too shabby,2025-01-20 00:00:00,1,924
352,3,somewhat not trash,2024-04-17 00:00:00,32,457
353,3,somewhat not trash,2024-04-01 00:00:00,34,992
354,4,not too shabby,2024-06-09 00:00:00,32,390
355,5,not too shabby x2,2024-09-13 00:00:00,8,312
356,3,somewhat not trash,2024-10-20 00:00:00,88,442
357,5,not too shabby x2,2023-08-09 00:00:00,72,760
358,5,not too shabby x2,2024-01-24 00:00:00,67,608
359,4,not too shabby,2024-06-14 00:00:00,8,802
360,3,somewhat not trash,2024-10-30 00:00:00,16,499
361,5,not too shabby x2,2024-09-17 00:00:00,54,909
362,2,still trash,2024-08-19 00:00:00,7,774
363,1,trash,2024-08-28 00:00:00,23,146
364,5,not too shabby x2,2024-10-20 00:00:00,19,284
365,4,not too shabby,2024-09-20 00:00:00,82,896
366,5,not too shabby x2,2024-07-18 00:00:00,20,745
367,2,still trash,2024-07-13 00:00:00,67,118
368,4,not too shabby,2024-12-06 00:00:00,20,804
369,1,trash,2024-08-09 00:00:00,98,939
370,3,somewhat not trash,2022-11-20 00:00:00,86,279
371,1,trash,2024-08-30 00:00:00,74,631
372,3,somewhat not trash,2023-11-06 00:00:00,87,735
373,1,trash,2025-02-19 00:00:00,81,520
374,2,still trash,2023-10-12 00:00:00,25,200
375,3,somewhat not trash,2023-12-17 00:00:00,4,441
376,5,not too shabby x2,2024-06-16 00:00:00,98,804
377,3,somewhat not trash,2024-01-31 00:00:00,70,127
378,5,not too shabby x2,2025-03-01 00:00:00,42,40
379,2,still trash,2024-03-21 00:00:00,17,152
380,2,still trash,2024-11-27 00:00:00,76,628
381,2,still trash,2024-11-04 00:00:00,86,26
382,1,trash,2025-02-20 00:00:00,31,730
383,2,still trash,2024-12-10 00:00:00,12,820
384,2,still trash,2023-09-07 00:00:00,45,921
385,5,not too shabby x2,2024-08-01 00:00:00,92,633
386,2,still trash,2024-07-17 00:00:00,54,704
387,3,somewhat not trash,2025-01-30 00:00:00,53,370
388,2,still trash,2024-04-28 00:00:00,29,778
389,3,somewhat not trash,2024-09-27 00:00:00,36,186
390,3,somewhat not trash,2024-08-12 00:00:00,54,54
391,5,not too shabby x2,2023-11-30 00:00:00,56,761
392,4,not too shabby,2025-02-01 00:00:00,20,738
393,4,not too shabby,2024-09-09 00:00:00,81,506
394,5,not too shabby x2,2024-11-24 00:00:00,98,153
395,2,still trash,2023-11-16 00:00:00,73,295
396,1,trash,2025-01-19 00:00:00,1,60
397,3,somewhat not trash,2024-10-05 00:00:00,104,24
398,3,somewhat not trash,2024-12-25 00:00:00,3,228
399,4,not too shabby,2024-04-05 00:00:00,44,477
400,2,still trash,2025-01-27 00:00:00,12,612
401,4,not too shabby,2024-08-01 00:00:00,59,956
402,1,trash,2024-09-29 00:00:00,74,822
403,1,trash,2024-06-25 00:00:00,47,317
404,3,somewhat not trash,2024-12-19 00:00:00,8,660
405,1,trash,2025-01-02 00:00:00,87,373
406,1,trash,2023-11-03 00:00:00,82,267
407,3,somewhat not trash,2024-07-03 00:00:00,26,876
408,2,still trash,2024-04-25 00:00:00,47,777
409,1,trash,2024-12-03 00:00:00,23,980
410,2,still trash,2024-01-16 00:00:00,7,334
411,5,not too shabby x2,2024-05-04 00:00:00,7,882
412,2,still trash,2025-03-10 00:00:00,59,476
413,2,still trash,2024-09-20 00:00:00,95,371
414,3,somewhat not trash,2024-05-07 00:00:00,18,489
415,1,trash,2024-12-19 00:00:00,14,151
416,3,somewhat not trash,2024-11-27 00:00:00,60,97
417,3,somewhat not trash,2024-04-17 00:00:00,37,935
418,2,still trash,2025-02-28 00:00:00,55,363
419,1,trash,2024-08-02 00:00:00,4,981
420,1,trash,2024-11-02 00:00:00,13,160
421,5,not too shabby x2,2024-10-09 00:00:00,42,893
422,2,still trash,2024-11-04 00:00:00,55,169
423,2,still trash,2024-09-08 00:00:00,30,758
424,5,not too shabby x2,2025-01-20 00:00:00,13,415
425,3,somewhat not trash,2024-08-12 00:00:00,39,28
426,1,trash,2025-01-26 00:00:00,93,244
427,4,not too shabby,2024-04-26 00:00:00,57,439
428,4,not too shabby,2024-10-10 00:00:00,10,920
429,4,not too shabby,2023-12-11 00:00:00,5,989
430,1,trash,2024-11-30 00:00:00,3,141
431,2,still trash,2023-07-01 00:00:00,68,957
432,5,not too shabby x2,2024-09-20 00:00:00,25,704
433,5,not too shabby x2,2025-01-30 00:00:00,79,398
434,1,trash,2024-11-22 00:00:00,88,139
435,3,somewhat not trash,2025-02-22 00:00:00,37,996
436,3,somewhat not trash,2023-05-13 00:00:00,70,439
437,3,somewhat not trash,2024-10-26 00:00:00,62,225
438,1,trash,2024-06-13 00:00:00,71,771
439,3,somewhat not trash,2024-05-15 00:00:00,72,860
440,5,not too shabby x2,2024-08-20 00:00:00,74,225
441,1,trash,2024-11-09 00:00:00,90,752
442,2,still trash,2024-12-01 00:00:00,3,773
443,5,not too shabby x2,2025-02-18 00:00:00,5,46
444,1,trash,2024-11-23 00:00:00,9,19
445,2,still trash,2024-12-18 00:00:00,61,489
446,3,somewhat not trash,2024-06-18 00:00:00,50,61
447,1,trash,2025-02-25 00:00:00,88,159
448,3,somewhat not trash,2025-02-02 00:00:00,102,119
449,5,not too shabby x2,2024-10-14 00:00:00,89,579
450,5,not too shabby x2,2024-09-23 00:00:00,98,616
451,3,somewhat not trash,2024-11-19 00:00:00,92,648
452,3,somewhat not trash,2024-10-05 00:00:00,25,331
453,2,still trash,2024-06-05 00:00:00,9,39
454,1,trash,2024-09-12 00:00:00,5,954
455,2,still trash,2024-09-16 00:00:00,88,974
456,3,somewhat not trash,2025-01-09 00:00:00,5,601
457,2,still trash,2025-03-13 00:00:00,70,315
458,5,not too shabby x2,2024-12-27 00:00:00,28,972
459,1,trash,2024-12-18 00:00:00,40,223
460,5,not too shabby x2,2024-09-12 00:00:00,58,567
461,2,still trash,2024-08-10 00:00:00,40,972
462,5,not too shabby x2,2024-04-07 00:00:00,33,215
463,3,somewhat not trash,2023-08-05 00:00:00,80,91
464,1,trash,2025-01-05 00:00:00,59,815
465,1,trash,2025-03-08 00:00:00,13,556
466,1,trash,2024-09-28 00:00:00,53,355
467,3,somewhat not trash,2024-04-04 00:00:00,38,6
468,5,not too shabby x2,2023-03-03 00:00:00,45,760
469,3,somewhat not trash,2025-02-04 00:00:00,31,425
470,2,still trash,2024-03-12 00:00:00,32,436
471,2,still trash,2024-09-11 00:00:00,100,717
472,5,not too shabby x2,2024-07-25 00:00:00,93,294
473,2,still trash,2024-05-09 00:00:00,96,45
474,3,somewhat not trash,2024-12-12 00:00:00,17,222
475,2,still trash,2024-11-01 00:00:00,60,855
476,5,not too shabby x2,2024-09-01 00:00:00,35,466
477,2,still trash,2024-07-30 00:00:00,96,830
478,4,not too shabby,2025-03-09 00:00:00,60,221
479,5,not too shabby x2,2025-02-02 00:00:00,93,195
480,4,not too shabby,2024-12-17 00:00:00,96,241
481,4,not too shabby,2024-11-17 00:00:00,91,16
482,4,not too shabby,2023-11-16 00:00:00,22,905
483,1,trash,2024-07-18 00:00:00,22,119
484,3,somewhat not trash,2024-02-15 00:00:00,82,269
485,5,not too shabby x2,2024-09-24 00:00:00,76,762
486,3,somewhat not trash,2024-05-08 00:00:00,52,459
487,5,not too shabby x2,2024-11-21 00:00:00,11,645
488,3,somewhat not trash,2024-06-22 00:00:00,75,982
489,2,still trash,2024-06-21 00:00:00,98,737
490,5,not too shabby x2,2025-01-02 00:00:00,4,98
491,5,not too shabby x2,2024-05-31 00:00:00,39,886
492,5,not too shabby x2,2024-04-05 00:00:00,29,883
493,2,still trash,2023-12-28 00:00:00,47,83
494,3,somewhat not trash,2025-02-21 00:00:00,27,848
495,4,not too shabby,2024-09-29 00:00:00,56,988
496,5,not too shabby x2,2024-02-28 00:00:00,47,868
497,3,somewhat not trash,2025-01-20 00:00:00,84,658
498,1,trash,2024-11-09 00:00:00,69,506
499,1,trash,2024-11-02 00:00:00,58,933
500,2,still trash,2024-10-15 00:00:00,61,831
501,1,trash,2024-07-08 00:00:00,25,523
502,2,still trash,2024-12-10 00:00:00,15,207
503,3,somewhat not trash,2024-10-08 00:00:00,72,429
504,1,trash,2024-11-05 00:00:00,17,308
505,3,somewhat not trash,2025-01-11 00:00:00,46,198
506,3,somewhat not trash,2025-02-18 00:00:00,93,939
507,5,not too shabby x2,2024-08-16 00:00:00,24,377
508,3,somewhat not trash,2024-08-01 00:00:00,20,526
509,1,trash,2024-12-15 00:00:00,94,454
510,1,trash,2024-07-10 00:00:00,84,520
511,1,trash,2024-12-25 00:00:00,60,725
512,5,not too shabby x2,2024-10-17 00:00:00,2,583
513,3,somewhat not trash,2025-01-15 00:00:00,64,720
514,5,not too shabby x2,2024-12-27 00:00:00,18,319
515,2,still trash,2024-07-27 00:00:00,95,543
516,3,somewhat not trash,2024-09-01 00:00:00,45,800
517,4,not too shabby,2023-11-14 00:00:00,102,391
518,3,somewhat not trash,2022-11-03 00:00:00,86,87
519,1,trash,2024-12-11 00:00:00,17,888
520,4,not too shabby,2024-10-24 00:00:00,20,713
521,2,still trash,2024-06-26 00:00:00,97,224
522,1,trash,2025-02-25 00:00:00,77,928
523,5,not too shabby x2,2024-11-13 00:00:00,26,102
524,2,still trash,2025-01-01 00:00:00,38,89
525,2,still trash,2025-02-07 00:00:00,15,105
526,4,not too shabby,2024-10-27 00:00:00,49,970
527,5,not too shabby x2,2024-08-11 00:00:00,67,901
528,1,trash,2024-03-18 00:00:00,6,358
529,1,trash,2024-03-28 00:00:00,76,839
530,2,still trash,2024-10-28 00:00:00,92,83
531,3,somewhat not trash,2024-11-08 00:00:00,7,83
532,4,not too shabby,2024-12-16 00:00:00,6,21
533,2,still trash,2024-11-06 00:00:00,3,808
534,4,not too shabby,2024-11-07 00:00:00,14,977
535,4,not too shabby,2024-10-02 00:00:00,87,908
536,1,trash,2023-02-15 00:00:00,45,121
537,3,somewhat not trash,2023-12-09 00:00:00,55,355
538,5,not too shabby x2,2022-09-20 00:00:00,8,630
539,5,not too shabby x2,2024-04-01 00:00:00,55,306
540,4,not too shabby,2024-02-02 00:00:00,82,913
541,3,somewhat not trash,2024-10-21 00:00:00,22,351
542,1,trash,2024-07-21 00:00:00,59,923
543,2,still trash,2025-03-14 00:00:00,35,92
544,1,trash,2025-02-20 00:00:00,7,816
545,5,not too shabby x2,2025-02-02 00:00:00,31,956
546,4,not too shabby,2024-09-06 00:00:00,37,731
547,4,not too shabby,2024-10-03 00:00:00,20,151
548,2,still trash,2024-08-01 00:00:00,49,607
549,1,trash,2024-02-29 00:00:00,36,116
550,2,still trash,2024-11-06 00:00:00,100,334
551,2,still trash,2024-11-05 00:00:00,36,294
552,2,still trash,2024-05-09 00:00:00,58,636
553,4,not too shabby,2024-10-25 00:00:00,3,529
554,5,not too shabby x2,2025-01-13 00:00:00,15,866
555,2,still trash,2024-10-09 00:00:00,8,751
556,2,still trash,2025-02-21 00:00:00,44,333
557,2,still trash,2024-12-26 00:00:00,37,933
558,5,not too shabby x2,2024-09-19 00:00:00,41,501
559,4,not too shabby,2025-01-23 00:00:00,14,230
560,1,trash,2024-06-07 00:00:00,84,742
561,1,trash,2025-01-02 00:00:00,89,65
562,3,somewhat not trash,2024-07-15 00:00:00,101,448
563,4,not too shabby,2025-01-29 00:00:00,56,300
564,3,somewhat not trash,2024-11-17 00:00:00,10,629
565,2,still trash,2024-08-01 00:00:00,93,843
566,1,trash,2024-11-03 00:00:00,1,275
567,3,somewhat not trash,2024-04-25 00:00:00,76,312
568,4,not too shabby,2025-02-16 00:00:00,28,106
569,5,not too shabby x2,2023-03-16 00:00:00,47,203
570,5,not too shabby x2,2025-02-25 00:00:00,49,631
571,4,not too shabby,2024-04-12 00:00:00,56,366
572,4,not too shabby,2025-02-04 00:00:00,61,881
573,2,still trash,2022-02-20 00:00:00,73,292
574,4,not too shabby,2024-09-30 00:00:00,26,0
575,3,somewhat not trash,2024-07-14 00:00:00,70,756
576,3,somewhat not trash,2023-11-17 00:00:00,69,690
577,4,not too shabby,2024-06-12 00:00:00,20,241
578,3,somewhat not trash,2025-03-09 00:00:00,43,993
579,1,trash,2024-04-10 00:00:00,50,184
580,3,somewhat not trash,2024-06-11 00:00:00,50,427
581,4,not too shabby,2024-08-09 00:00:00,23,637
582,5,not too shabby x2,2024-12-18 00:00:00,52,945
583,2,still trash,2024-06-02 00:00:00,8,128
584,5,not too shabby x2,2024-11-30 00:00:00,96,516
585,2,still trash,2024-08-07 00:00:00,65,118
586,2,still trash,2023-12-15 00:00:00,43,413
587,2,still trash,2024-10-20 00:00:00,82,537
588,1,trash,2024-02-10 00:00:00,76,839
589,1,trash,2024-02-11 00:00:00,46,800
590,1,trash,2024-03-08 00:00:00,19,975
591,5,not too shabby x2,2023-08-06 00:00:00,48,360
592,2,still trash,2025-01-02 00:00:00,62,961
593,2,still trash,2025-02-22 00:00:00,64,574
594,1,trash,2024-10-21 00:00:00,33,88
595,5,not too shabby x2,2025-01-21 00:00:00,73,588
596,1,trash,2024-05-12 00:00:00,75,609
597,5,not too shabby x2,2024-08-14 00:00:00,102,643
598,3,somewhat not trash,2023-08-14 00:00:00,70,593
599,5,not too shabby x2,2024-03-10 00:00:00,23,364
600,3,somewhat not trash,2025-03-07 00:00:00,1,821
601,1,trash,2024-10-12 00:00:00,85,64
602,4,not too shabby,2024-07-02 00:00:00,71,916
603,3,somewhat not trash,2025-02-15 00:00:00,60,472
604,1,trash,2024-12-28 00:00:00,49,496
605,3,somewhat not trash,2024-12-20 00:00:00,44,985
606,3,somewhat not trash,2024-12-02 00:00:00,99,621
607,2,still trash,2023-08-13 00:00:00,66,776
608,3,somewhat not trash,2024-04-02 00:00:00,85,327
609,2,still trash,2024-03-23 00:00:00,70,628
610,5,not too shabby x2,2025-01-02 00:00:00,26,11
611,5,not too shabby x2,2024-02-11 00:00:00,98,292
612,4,not too shabby,2024-11-08 00:00:00,100,42
613,2,still trash,2024-01-20 00:00:00,43,406
614,3,somewhat not trash,2024-01-14 00:00:00,80,116
615,4,not too shabby,2025-01-23 00:00:00,15,803
616,3,somewhat not trash,2024-10-31 00:00:00,51,323
617,5,not too shabby x2,2025-03-06 00:00:00,13,786
618,2,still trash,2025-03-07 00:00:00,78,963
619,5,not too shabby x2,2024-11-06 00:00:00,52,538
620,5,not too shabby x2,2024-08-25 00:00:00,28,647
621,2,still trash,2024-12-03 00:00:00,36,657
622,2,still trash,2024-05-26 00:00:00,49,643
623,2,still trash,2024-10-16 00:00:00,89,458
624,4,not too shabby,2024-10-17 00:00:00,74,908
625,1,trash,2024-11-23 00:00:00,42,297
626,4,not too shabby,2023-07-09 00:00:00,84,885
627,1,trash,2023-09-01 00:00:00,44,684
628,2,still trash,2024-12-05 00:00:00,47,140
629,5,not too shabby x2,2024-12-08 00:00:00,86,904
630,2,still trash,2023-11-13 00:00:00,9,9
631,2,still trash,2024-11-20 00:00:00,42,151
632,1,trash,2024-04-20 00:00:00,26,292
633,4,not too shabby,2024-08-22 00:00:00,50,530
634,4,not too shabby,2024-12-04 00:00:00,60,201
635,1,trash,2024-06-13 00:00:00,18,675
636,2,still trash,2024-12-13 00:00:00,97,241
637,5,not too shabby x2,2024-05-06 00:00:00,47,482
638,4,not too shabby,2024-02-04 00:00:00,98,630
639,5,not too shabby x2,2024-03-17 00:00:00,81,431
640,5,not too shabby x2,2025-01-03 00:00:00,15,987
641,3,somewhat not trash,2024-11-07 00:00:00,10,589
642,5,not too shabby x2,2024-11-20 00:00:00,57,920
643,2,still trash,2024-10-02 00:00:00,64,262
644,5,not too shabby x2,2024-08-12 00:00:00,18,553
645,5,not too shabby x2,2024-03-23 00:00:00,39,752
646,3,somewhat not trash,2025-02-25 00:00:00,103,699
647,3,somewhat not trash,2024-10-24 00:00:00,68,101
648,2,still trash,2024-05-17 00:00:00,32,620
649,4,not too shabby,2024-11-10 00:00:00,104,352
650,4,not too shabby,2024-12-03 00:00:00,3,647
651,1,trash,2024-12-01 00:00:00,70,998
652,4,not too shabby,2025-02-02 00:00:00,13,827
653,2,still trash,2024-11-15 00:00:00,60,427
654,3,somewhat not trash,2024-09-09 00:00:00,32,775
655,2,still trash,2024-11-21 00:00:00,67,380
656,2,still trash,2024-11-05 00:00:00,3,837
657,2,still trash,2024-07-28 00:00:00,87,769
658,1,trash,2023-06-18 00:00:00,35,470
659,4,not too shabby,2024-03-09 00:00:00,8,811
660,2,still trash,2025-02-21 00:00:00,36,844
661,5,not too shabby x2,2024-09-16 00:00:00,31,310
662,2,still trash,2024-12-07 00:00:00,62,632
663,4,not too shabby,2023-04-25 00:00:00,17,907
664,4,not too shabby,2024-12-23 00:00:00,3,541
665,5,not too shabby x2,2024-11-05 00:00:00,23,626
666,5,not too shabby x2,2022-10-29 00:00:00,84,247
667,4,not too shabby,2024-09-05 00:00:00,65,285
668,5,not too shabby x2,2024-10-10 00:00:00,84,405
669,2,still trash,2024-06-01 00:00:00,72,799
670,1,trash,2024-12-05 00:00:00,16,549
671,4,not too shabby,2024-05-14 00:00:00,98,653
672,4,not too shabby,2024-06-20 00:00:00,97,113
673,5,not too shabby x2,2024-10-30 00:00:00,66,340
674,2,still trash,2022-12-29 00:00:00,91,968
675,1,trash,2024-09-06 00:00:00,75,179
676,2,still trash,2023-12-30 00:00:00,68,310
677,3,somewhat not trash,2024-09-24 00:00:00,22,142
678,4,not too shabby,2024-09-13 00:00:00,101,489
679,4,not too shabby,2024-10-12 00:00:00,49,677
680,2,still trash,2024-03-11 00:00:00,45,157
681,2,still trash,2025-03-12 00:00:00,30,133
682,3,somewhat not trash,2023-07-04 00:00:00,80,947
683,1,trash,2024-12-14 00:00:00,15,674
684,2,still trash,2024-12-10 00:00:00,91,930
685,2,still trash,2022-08-14 00:00:00,78,977
686,2,still trash,2024-10-29 00:00:00,25,792
687,5,not too shabby x2,2024-11-06 00:00:00,54,163
688,1,trash,2025-02-11 00:00:00,80,237
689,5,not too shabby x2,2024-06-25 00:00:00,52,482
690,1,trash,2024-02-09 00:00:00,6,652
691,5,not too shabby x2,2025-02-18 00:00:00,98,916
692,2,still trash,2023-08-04 00:00:00,68,78
693,4,not too shabby,2025-01-13 00:00:00,45,11
694,4,not too shabby,2025-01-11 00:00:00,13,845
695,4,not too shabby,2024-02-25 00:00:00,18,827
696,5,not too shabby x2,2025-03-04 00:00:00,43,129
697,4,not too shabby,2024-12-01 00:00:00,23,286
698,3,somewhat not trash,2025-03-04 00:00:00,5,929
699,2,still trash,2024-11-03 00:00:00,89,381
700,3,somewhat not trash,2024-08-10 00:00:00,50,926
701,1,trash,2025-02-25 00:00:00,87,904
702,3,somewhat not trash,2024-10-05 00:00:00,21,155
703,3,somewhat not trash,2024-07-10 00:00:00,7,399
704,4,not too shabby,2024-07-23 00:00:00,97,771
705,1,trash,2025-02-20 00:00:00,101,379
706,4,not too shabby,2024-07-14 00:00:00,93,419
707,4,not too shabby,2025-02-07 00:00:00,38,689
708,5,not too shabby x2,2024-11-17 00:00:00,63,767
709,5,not too shabby x2,2024-10-29 00:00:00,99,154
710,4,not too shabby,2025-02-03 00:00:00,86,454
711,5,not too shabby x2,2024-01-21 00:00:00,86,509
712,2,still trash,2024-12-11 00:00:00,62,404
713,5,not too shabby x2,2025-01-23 00:00:00,10,825
714,5,not too shabby x2,2024-09-28 00:00:00,65,212
715,2,still trash,2024-06-20 00:00:00,85,337
716,5,not too shabby x2,2023-05-26 00:00:00,45,163
717,1,trash,2024-09-28 00:00:00,99,699
718,3,somewhat not trash,2025-01-29 00:00:00,63,307
719,5,not too shabby x2,2024-05-14 00:00:00,26,707
720,2,still trash,2024-12-29 00:00:00,52,763
721,2,still trash,2024-10-20 00:00:00,104,744
722,5,not too shabby x2,2024-09-04 00:00:00,52,421
723,2,still trash,2024-01-11 00:00:00,21,396
724,1,trash,2024-10-10 00:00:00,64,119
725,1,trash,2024-09-01 00:00:00,41,129
726,4,not too shabby,2024-12-01 00:00:00,48,96
727,2,still trash,2023-09-09 00:00:00,58,231
728,5,not too shabby x2,2024-07-27 00:00:00,28,758
729,2,still trash,2023-04-05 00:00:00,8,725
730,1,trash,2025-01-27 00:00:00,79,955
731,5,not too shabby x2,2024-03-04 00:00:00,83,415
732,4,not too shabby,2025-01-24 00:00:00,65,100
733,5,not too shabby x2,2024-01-13 00:00:00,72,86
734,3,somewhat not trash,2024-12-08 00:00:00,1,434
735,3,somewhat not trash,2024-08-19 00:00:00,24,644
736,4,not too shabby,2024-10-19 00:00:00,21,825
737,4,not too shabby,2025-03-09 00:00:00,11,398
738,3,somewhat not trash,2023-06-21 00:00:00,7,539
739,3,somewhat not trash,2024-02-05 00:00:00,58,772
740,2,still trash,2025-02-11 00:00:00,38,991
741,4,not too shabby,2025-03-07 00:00:00,81,647
742,1,trash,2025-01-25 00:00:00,73,462
743,2,still trash,2024-03-16 00:00:00,67,803
744,4,not too shabby,2024-12-05 00:00:00,78,168
745,1,trash,2024-10-30 00:00:00,62,369
746,2,still trash,2024-06-18 00:00:00,21,651
747,3,somewhat not trash,2024-10-03 00:00:00,104,373
748,5,not too shabby x2,2024-05-02 00:00:00,53,350
749,4,not too shabby,2024-01-23 00:00:00,98,521
750,1,trash,2024-08-17 00:00:00,40,182
751,1,trash,2024-01-27 00:00:00,25,826
752,4,not too shabby,2024-09-10 00:00:00,89,789
753,4,not too shabby,2024-10-01 00:00:00,30,724
754,4,not too shabby,2024-06-07 00:00:00,32,685
755,1,trash,2024-02-03 00:00:00,21,121
756,1,trash,2024-10-08 00:00:00,12,942
757,2,still trash,2024-12-23 00:00:00,21,660
758,4,not too shabby,2024-08-21 00:00:00,96,255
759,3,somewhat not trash,2023-08-09 00:00:00,89,859
760,5,not too shabby x2,2024-12-18 00:00:00,13,769
761,5,not too shabby x2,2024-10-27 00:00:00,85,435
762,3,somewhat not trash,2024-06-19 00:00:00,50,462
763,3,somewhat not trash,2025-01-24 00:00:00,23,43
764,5,not too shabby x2,2025-03-09 00:00:00,22,420
765,5,not too shabby x2,2024-04-19 00:00:00,97,514
766,3,somewhat not trash,2023-12-07 00:00:00,23,29
767,4,not too shabby,2025-02-11 00:00:00,25,228
768,2,still trash,2023-02-26 00:00:00,58,583
769,1,trash,2025-03-09 00:00:00,5,448
770,4,not too shabby,2025-01-07 00:00:00,104,223
771,2,still trash,2024-08-08 00:00:00,98,472
772,2,still trash,2024-04-10 00:00:00,21,301
773,3,somewhat not trash,2025-02-02 00:00:00,27,936
774,5,not too shabby x2,2025-03-07 00:00:00,9,931
775,2,still trash,2024-09-01 00:00:00,90,565
776,4,not too shabby,2024-04-23 00:00:00,81,13
777,1,trash,2024-06-03 00:00:00,34,376
778,4,not too shabby,2024-10-04 00:00:00,75,754
779,3,somewhat not trash,2025-02-21 00:00:00,101,131
780,5,not too shabby x2,2023-02-01 00:00:00,4,905
781,3,somewhat not trash,2024-12-19 00:00:00,26,741
782,5,not too shabby x2,2024-10-05 00:00:00,54,870
783,5,not too shabby x2,2024-11-22 00:00:00,74,941
784,4,not too shabby,2024-11-04 00:00:00,60,940
785,4,not too shabby,2025-02-28 00:00:00,17,582
786,4,not too shabby,2025-01-13 00:00:00,93,514
787,5,not too shabby x2,2024-11-23 00:00:00,80,54
788,4,not too shabby,2024-07-12 00:00:00,4,765
789,2,still trash,2025-01-22 00:00:00,30,914
790,4,not too shabby,2025-01-18 00:00:00,60,816
791,3,somewhat not trash,2023-12-21 00:00:00,22,108
792,4,not too shabby,2025-01-05 00:00:00,30,997
793,5,not too shabby x2,2024-08-28 00:00:00,31,703
794,3,somewhat not trash,2024-06-17 00:00:00,48,739
795,1,trash,2023-07-28 00:00:00,55,145
796,4,not too shabby,2024-03-08 00:00:00,92,302
797,3,somewhat not trash,2024-08-27 00:00:00,57,812
798,1,trash,2023-09-16 00:00:00,17,259
799,4,not too shabby,2024-08-23 00:00:00,47,398
800,4,not too shabby,2025-01-12 00:00:00,75,136
801,2,still trash,2024-11-06 00:00:00,16,504
802,4,not too shabby,2024-10-09 00:00:00,61,49
803,3,somewhat not trash,2024-04-26 00:00:00,77,624
804,5,not too shabby x2,2025-03-11 00:00:00,70,876
805,3,somewhat not trash,2024-05-28 00:00:00,19,546
806,2,still trash,2025-02-06 00:00:00,69,831
807,5,not too shabby x2,2024-10-15 00:00:00,84,916
808,2,still trash,2025-02-14 00:00:00,64,355
809,2,still trash,2025-01-01 00:00:00,4,742
810,2,still trash,2024-12-27 00:00:00,35,791
811,1,trash,2024-08-18 00:00:00,100,808
812,4,not too shabby,2024-11-12 00:00:00,60,542
813,4,not too shabby,2024-04-29 00:00:00,24,547
814,5,not too shabby x2,2024-07-10 00:00:00,30,875
815,2,still trash,2025-01-23 00:00:00,30,219
816,3,somewhat not trash,2025-02-12 00:00:00,55,269
817,2,still trash,2023-08-26 00:00:00,80,181
818,2,still trash,2023-10-20 00:00:00,89,581
819,4,not too shabby,2022-07-02 00:00:00,73,227
820,3,somewhat not trash,2024-02-01 00:00:00,84,249
821,3,somewhat not trash,2024-06-03 00:00:00,57,195
822,2,still trash,2024-12-27 00:00:00,33,518
823,2,still trash,2024-12-20 00:00:00,32,202
824,4,not too shabby,2024-06-07 00:00:00,88,943
825,5,not too shabby x2,2025-01-02 00:00:00,42,491
826,1,trash,2024-12-16 00:00:00,37,20
827,2,still trash,2024-12-06 00:00:00,69,598
828,2,still trash,2024-11-04 00:00:00,37,304
829,3,somewhat not trash,2023-12-31 00:00:00,89,383
830,4,not too shabby,2024-12-19 00:00:00,61,160
831,2,still trash,2024-02-04 00:00:00,68,489
832,1,trash,2024-06-12 00:00:00,71,288
833,1,trash,2024-04-10 00:00:00,24,572
834,2,still trash,2025-02-25 00:00:00,28,42
835,1,trash,2024-10-05 00:00:00,39,176
836,1,trash,2024-01-21 00:00:00,98,493
837,2,still trash,2025-01-15 00:00:00,65,852
838,5,not too shabby x2,2025-03-08 00:00:00,2,111
839,1,trash,2024-05-18 00:00:00,66,97
840,3,somewhat not trash,2024-01-08 00:00:00,39,587
841,4,not too shabby,2024-09-18 00:00:00,59,610
842,3,somewhat not trash,2024-08-14 00:00:00,63,959
843,5,not too shabby x2,2024-12-23 00:00:00,20,382
844,4,not too shabby,2024-08-15 00:00:00,86,375
845,5,not too shabby x2,2024-10-31 00:00:00,79,627
846,4,not too shabby,2024-10-30 00:00:00,14,380
847,1,trash,2024-11-22 00:00:00,40,795
848,2,still trash,2024-07-06 00:00:00,63,920
849,3,somewhat not trash,2025-01-25 00:00:00,72,96
850,2,still trash,2024-08-18 00:00:00,99,678
851,4,not too shabby,2024-02-01 00:00:00,23,378
852,2,still trash,2023-12-22 00:00:00,43,708
853,3,somewhat not trash,2025-02-28 00:00:00,11,267
854,2,still trash,2023-12-28 00:00:00,8,507
855,4,not too shabby,2023-02-27 00:00:00,41,484
856,5,not too shabby x2,2024-06-09 00:00:00,72,904
857,2,still trash,2024-12-08 00:00:00,42,467
858,4,not too shabby,2025-01-27 00:00:00,2,847
859,3,somewhat not trash,2025-02-12 00:00:00,3,625
860,3,somewhat not trash,2024-12-01 00:00:00,40,928
861,4,not too shabby,2024-12-28 00:00:00,1,612
862,4,not too shabby,2024-10-31 00:00:00,48,612
863,4,not too shabby,2024-07-31 00:00:00,94,365
864,3,somewhat not trash,2024-07-03 00:00:00,32,523
865,3,somewhat not trash,2025-01-18 00:00:00,46,15
866,1,trash,2025-02-21 00:00:00,63,886
867,5,not too shabby x2,2024-12-13 00:00:00,21,268
868,2,still trash,2025-01-31 00:00:00,4,101
869,2,still trash,2024-04-18 00:00:00,95,246
870,3,somewhat not trash,2025-01-29 00:00:00,69,130
871,1,trash,2023-05-04 00:00:00,68,915
872,2,still trash,2024-11-17 00:00:00,26,644
873,3,somewhat not trash,2024-11-11 00:00:00,61,476
874,1,trash,2024-09-29 00:00:00,102,645
875,3,somewhat not trash,2025-03-09 00:00:00,60,376
876,3,somewhat not trash,2023-09-13 00:00:00,66,363
877,4,not too shabby,2024-09-05 00:00:00,73,727
878,2,still trash,2025-02-19 00:00:00,86,587
879,4,not too shabby,2024-04-02 00:00:00,30,276
880,4,not too shabby,2024-08-02 00:00:00,90,416
881,5,not too shabby x2,2024-07-20 00:00:00,35,545
882,1,trash,2024-06-06 00:00:00,51,337
883,2,still trash,2024-02-07 00:00:00,75,278
884,1,trash,2023-06-02 00:00:00,69,650
885,3,somewhat not trash,2024-06-05 00:00:00,35,723
886,5,not too shabby x2,2024-10-05 00:00:00,16,65
887,3,somewhat not trash,2024-09-24 00:00:00,40,155
888,1,trash,2024-12-22 00:00:00,20,0
889,3,somewhat not trash,2024-06-26 00:00:00,4,920
890,5,not too shabby x2,2024-04-06 00:00:00,99,628
891,5,not too shabby x2,2024-11-04 00:00:00,46,995
892,4,not too shabby,2022-11-10 00:00:00,17,392
893,3,somewhat not trash,2024-11-30 00:00:00,77,209
894,3,somewhat not trash,2024-08-06 00:00:00,97,250
895,3,somewhat not trash,2025-01-02 00:00:00,23,602
896,2,still trash,2025-02-05 00:00:00,46,141
897,4,not too shabby,2024-12-07 00:00:00,72,546
898,3,somewhat not trash,2025-01-24 00:00:00,30,506
899,4,not too shabby,2024-06-20 00:00:00,25,855
900,2,still trash,2024-02-20 00:00:00,102,661
901,1,trash,2025-03-11 00:00:00,83,946
902,3,somewhat not trash,2024-06-05 00:00:00,42,712
903,4,not too shabby,2023-12-23 00:00:00,84,326
904,1,trash,2023-12-12 00:00:00,19,397
905,5,not too shabby x2,2024-10-04 00:00:00,61,935
906,1,trash,2024-10-03 00:00:00,30,319
907,1,trash,2024-07-31 00:00:00,52,653
908,3,somewhat not trash,2024-08-11 00:00:00,53,954
909,1,trash,2024-08-01 00:00:00,68,987
910,2,still trash,2023-03-25 00:00:00,86,631
911,5,not too shabby x2,2025-01-19 00:00:00,62,431
912,4,not too shabby,2023-12-03 00:00:00,35,575
913,2,still trash,2024-05-15 00:00:00,85,660
914,5,not too shabby x2,2024-10-18 00:00:00,48,868
915,3,somewhat not trash,2024-06-17 00:00:00,44,200
916,5,not too shabby x2,2024-11-26 00:00:00,9,34
917,1,trash,2025-01-23 00:00:00,98,479
918,1,trash,2023-07-15 00:00:00,8,342
919,4,not too shabby,2024-09-30 00:00:00,54,173
920,1,trash,2025-02-01 00:00:00,19,819
921,5,not too shabby x2,2025-01-29 00:00:00,22,532
922,3,somewhat not trash,2024-03-23 00:00:00,38,504
923,5,not too shabby x2,2024-09-12 00:00:00,51,822
924,4,not too shabby,2024-10-13 00:00:00,28,405
925,4,not too shabby,2025-03-08 00:00:00,45,853
926,4,not too shabby,2023-11-10 00:00:00,66,161
927,3,somewhat not trash,2024-09-20 00:00:00,55,768
928,1,trash,2024-05-19 00:00:00,82,572
929,4,not too shabby,2023-02-17 00:00:00,6,282
930,3,somewhat not trash,2024-12-15 00:00:00,65,92
931,5,not too shabby x2,2024-09-22 00:00:00,99,141
932,3,somewhat not trash,2024-08-11 00:00:00,48,851
933,1,trash,2024-10-10 00:00:00,13,997
934,1,trash,2024-07-24 00:00:00,46,189
935,3,somewhat not trash,2024-04-03 00:00:00,20,864
936,2,still trash,2024-08-05 00:00:00,39,756
937,1,trash,2025-03-01 00:00:00,64,617
938,3,somewhat not trash,2024-12-01 00:00:00,54,232
939,1,trash,2025-01-04 00:00:00,88,816
940,1,trash,2024-11-29 00:00:00,17,788
941,3,somewhat not trash,2024-11-19 00:00:00,59,182
942,1,trash,2024-07-03 00:00:00,39,703
943,3,somewhat not trash,2024-09-19 00:00:00,19,332
944,5,not too shabby x2,2024-12-18 00:00:00,1,619
945,3,somewhat not trash,2025-03-05 00:00:00,76,455
946,5,not too shabby x2,2024-10-25 00:00:00,12,239
947,1,trash,2024-04-20 00:00:00,45,102
948,4,not too shabby,2024-12-12 00:00:00,69,152
949,3,somewhat not trash,2024-07-28 00:00:00,46,669
950,5,not too shabby x2,2024-11-25 00:00:00,47,688
951,4,not too shabby,2024-09-21 00:00:00,82,961
952,4,not too shabby,2024-10-15 00:00:00,94,638
953,4,not too shabby,2024-06-08 00:00:00,82,658
954,4,not too shabby,2024-09-26 00:00:00,40,112
955,1,trash,2025-01-23 00:00:00,76,754
956,1,trash,2024-11-24 00:00:00,39,958
957,5,not too shabby x2,2024-11-02 00:00:00,74,818
958,3,somewhat not trash,2024-11-08 00:00:00,77,909
959,2,still trash,2024-05-31 00:00:00,51,712
960,1,trash,2024-04-21 00:00:00,39,770
961,4,not too shabby,2022-09-30 00:00:00,70,628
962,2,still trash,2024-06-05 00:00:00,93,386
963,2,still trash,2024-08-18 00:00:00,81,267
964,3,somewhat not trash,2025-02-11 00:00:00,65,812
965,2,still trash,2025-01-15 00:00:00,101,573
966,1,trash,2024-04-14 00:00:00,95,278
967,1,trash,2024-04-09 00:00:00,38,276
968,3,somewhat not trash,2023-10-21 00:00:00,18,610
969,5,not too shabby x2,2022-09-21 00:00:00,73,997
970,2,still trash,2024-04-06 00:00:00,30,363
971,2,still trash,2025-01-15 00:00:00,32,194
972,4,not too shabby,2023-12-14 00:00:00,44,40
973,3,somewhat not trash,2023-11-20 00:00:00,48,824
974,4,not too shabby,2024-11-25 00:00:00,33,678
975,2,still trash,2023-08-02 00:00:00,56,932
976,4,not too shabby,2024-03-28 00:00:00,37,832
977,1,trash,2024-10-18 00:00:00,47,786
978,5,not too shabby x2,2024-05-30 00:00:00,74,913
979,4,not too shabby,2025-02-08 00:00:00,35,478
980,3,somewhat not trash,2024-12-11 00:00:00,11,880
981,5,not too shabby x2,2023-11-12 00:00:00,8,687
982,4,not too shabby,2024-12-22 00:00:00,56,485
983,1,trash,2024-10-14 00:00:00,31,624
984,5,not too shabby x2,2024-12-05 00:00:00,50,925
985,3,somewhat not trash,2023-03-25 00:00:00,67,556
986,4,not too shabby,2024-07-22 00:00:00,26,429
987,3,somewhat not trash,2024-10-12 00:00:00,64,233
988,3,somewhat not trash,2025-02-10 00:00:00,50,826
989,5,not too shabby x2,2025-01-15 00:00:00,15,541
990,2,still trash,2025-03-02 00:00:00,101,124
991,5,not too shabby x2,2024-09-10 00:00:00,42,868
992,3,somewhat not trash,2023-04-17 00:00:00,87,707
993,2,still trash,2025-02-03 00:00:00,73,796
994,5,not too shabby x2,2024-10-01 00:00:00,59,637
995,4,not too shabby,2024-04-25 00:00:00,17,735
996,4,not too shabby,2025-02-08 00:00:00,69,488
997,1,trash,2025-02-01 00:00:00,13,364
998,5,not too shabby x2,2025-02-06 00:00:00,87,898
999,2,still trash,2024-02-17 00:00:00,98,108
1000,3,somewhat not trash,2023-01-06 00:00:00,85,382
1001,4,not too shabby,2025-02-12 00:00:00,21,138
1002,4,not too shabby,2025-01-05 00:00:00,1,958
1003,5,not too shabby x2,2024-12-18 00:00:00,99,110
1004,2,still trash,2024-12-17 00:00:00,11,434
1005,5,not too shabby x2,2025-03-14 00:00:00,17,763
1006,2,still trash,2025-03-10 00:00:00,104,760
1007,2,still trash,2025-02-02 00:00:00,19,998
1008,5,not too shabby x2,2023-10-19 00:00:00,8,516
1009,1,trash,2024-07-14 00:00:00,101,885
1010,3,somewhat not trash,2025-01-13 00:00:00,64,116
1011,2,still trash,2024-12-28 00:00:00,11,684
1012,4,not too shabby,2024-07-10 00:00:00,21,394
1013,4,not too shabby,2023-09-17 00:00:00,5,183
1014,4,not too shabby,2024-09-06 00:00:00,41,523
1015,1,trash,2025-03-11 00:00:00,19,303
1016,4,not too shabby,2025-02-21 00:00:00,52,581
1017,2,still trash,2025-01-17 00:00:00,100,586
1018,1,trash,2024-12-06 00:00:00,62,406
1019,3,somewhat not trash,2024-11-30 00:00:00,75,760
1020,3,somewhat not trash,2023-10-06 00:00:00,81,948
1021,3,somewhat not trash,2023-12-25 00:00:00,82,946
1022,4,not too shabby,2024-03-06 00:00:00,7,162
1023,1,trash,2024-03-18 00:00:00,72,940
1024,1,trash,2024-04-01 00:00:00,81,736
1025,3,somewhat not trash,2024-10-31 00:00:00,63,322
1026,3,somewhat not trash,2024-12-20 00:00:00,69,942
1027,5,not too shabby x2,2025-01-29 00:00:00,31,113
1028,5,not too shabby x2,2023-05-04 00:00:00,86,834
1029,2,still trash,2024-11-22 00:00:00,42,125
1030,5,not too shabby x2,2024-12-10 00:00:00,80,193
1031,1,trash,2024-03-12 00:00:00,24,695
1032,1,trash,2024-08-19 00:00:00,94,162
1033,3,somewhat not trash,2023-11-25 00:00:00,8,112
1034,3,somewhat not trash,2024-11-04 00:00:00,65,24
1035,5,not too shabby x2,2024-12-23 00:00:00,1,548
1036,5,not too shabby x2,2025-01-02 00:00:00,104,900
1037,4,not too shabby,2023-07-14 00:00:00,73,256
1038,4,not too shabby,2023-11-02 00:00:00,35,702
1039,1,trash,2024-09-17 00:00:00,34,973
1040,4,not too shabby,2024-11-18 00:00:00,30,357
1041,3,somewhat not trash,2024-04-03 00:00:00,99,770
1042,4,not too shabby,2024-06-01 00:00:00,77,991
1043,2,still trash,2024-11-30 00:00:00,45,82
1044,3,somewhat not trash,2025-01-25 00:00:00,102,65
1045,1,trash,2024-12-06 00:00:00,34,379
1046,4,not too shabby,2025-01-25 00:00:00,66,473
1047,5,not too shabby x2,2024-07-12 00:00:00,56,926
1048,4,not too shabby,2024-08-24 00:00:00,34,450
1049,3,somewhat not trash,2025-03-11 00:00:00,93,564
1050,1,trash,2025-03-09 00:00:00,17,669
1051,5,not too shabby x2,2024-11-19 00:00:00,13,402
1052,5,not too shabby x2,2024-07-20 00:00:00,19,280
1053,1,trash,2023-11-20 00:00:00,55,543
1054,2,still trash,2025-01-15 00:00:00,10,455
1055,4,not too shabby,2024-10-29 00:00:00,20,881
1056,2,still trash,2024-06-12 00:00:00,28,52
1057,4,not too shabby,2024-12-05 00:00:00,77,470
1058,2,still trash,2024-11-01 00:00:00,12,926
1059,2,still trash,2025-02-13 00:00:00,82,353
1060,3,somewhat not trash,2024-06-02 00:00:00,76,590
1061,1,trash,2025-01-26 00:00:00,95,860
1062,2,still trash,2024-03-03 00:00:00,18,725
1063,1,trash,2024-11-17 00:00:00,87,817
1064,1,trash,2024-11-17 00:00:00,6,939
1065,1,trash,2024-12-31 00:00:00,64,667
1066,3,somewhat not trash,2024-12-29 00:00:00,65,658
1067,1,trash,2024-12-15 00:00:00,27,427
1068,4,not too shabby,2024-07-31 00:00:00,100,910
1069,3,somewhat not trash,2025-01-07 00:00:00,13,176
1070,4,not too shabby,2024-09-25 00:00:00,51,400
1071,2,still trash,2024-03-10 00:00:00,87,924
1072,1,trash,2024-11-05 00:00:00,60,728
1073,2,still trash,2024-12-15 00:00:00,47,724
1074,5,not too shabby x2,2024-10-22 00:00:00,13,928
1075,4,not too shabby,2024-12-09 00:00:00,11,451
1076,1,trash,2025-01-25 00:00:00,94,532
1077,4,not too shabby,2023-07-11 00:00:00,83,651
1078,5,not too shabby x2,2024-08-27 00:00:00,42,100
1079,4,not too shabby,2024-12-25 00:00:00,41,302
1080,2,still trash,2023-07-05 00:00:00,78,235
1081,1,trash,2024-12-03 00:00:00,71,209
1082,5,not too shabby x2,2024-12-02 00:00:00,13,30
1083,2,still trash,2024-11-27 00:00:00,16,328
1084,3,somewhat not trash,2024-04-05 00:00:00,54,981
1085,1,trash,2024-08-31 00:00:00,100,854
1086,5,not too shabby x2,2024-10-07 00:00:00,34,727
1087,4,not too shabby,2024-06-28 00:00:00,18,27
1088,4,not too shabby,2024-03-04 00:00:00,44,539
1089,1,trash,2024-08-29 00:00:00,100,251
1090,3,somewhat not trash,2024-12-08 00:00:00,99,312
1091,1,trash,2025-02-27 00:00:00,54,564
1092,4,not too shabby,2023-12-12 00:00:00,47,585
1093,5,not too shabby x2,2024-07-26 00:00:00,37,791
1094,2,still trash,2025-02-17 00:00:00,86,867
1095,2,still trash,2025-03-04 00:00:00,35,386
1096,1,trash,2025-02-23 00:00:00,12,883
1097,5,not too shabby x2,2024-07-11 00:00:00,43,739
1098,2,still trash,2025-03-09 00:00:00,60,229
1099,1,trash,2024-10-13 00:00:00,84,155
1100,1,trash,2024-10-11 00:00:00,104,697
1101,4,not too shabby,2025-01-14 00:00:00,27,692
1102,2,still trash,2025-01-26 00:00:00,59,733
1103,1,trash,2025-02-20 00:00:00,34,133
1104,5,not too shabby x2,2025-02-06 00:00:00,25,54
1105,2,still trash,2024-12-01 00:00:00,7,824
1106,4,not too shabby,2024-12-05 00:00:00,16,554
1107,5,not too shabby x2,2024-07-21 00:00:00,100,646
1108,4,not too shabby,2024-08-02 00:00:00,51,159
1109,3,somewhat not trash,2024-09-29 00:00:00,8,982
1110,1,trash,2025-02-06 00:00:00,72,213
1111,3,somewhat not trash,2025-03-01 00:00:00,4,194
1112,5,not too shabby x2,2024-07-29 00:00:00,29,225
1113,4,not too shabby,2024-03-24 00:00:00,77,123
1114,4,not too shabby,2024-03-15 00:00:00,90,601
1115,1,trash,2022-09-16 00:00:00,5,607
1116,4,not too shabby,2024-12-26 00:00:00,50,142
1117,4,not too shabby,2025-01-06 00:00:00,22,528
1118,3,somewhat not trash,2024-04-22 00:00:00,90,198
1119,2,still trash,2024-09-15 00:00:00,57,24
1120,2,still trash,2024-02-01 00:00:00,45,266
1121,5,not too shabby x2,2024-05-07 00:00:00,53,359
1122,4,not too shabby,2024-07-06 00:00:00,95,970
1123,3,somewhat not trash,2024-07-18 00:00:00,65,686
1124,4,not too shabby,2024-02-09 00:00:00,102,437
1125,4,not too shabby,2024-08-20 00:00:00,57,158
1126,1,trash,2023-08-31 00:00:00,46,793
1127,1,trash,2023-07-22 00:00:00,5,819
1128,1,trash,2024-04-16 00:00:00,75,565
1129,1,trash,2024-10-15 00:00:00,50,922
1130,2,still trash,2025-02-03 00:00:00,15,572
1131,2,still trash,2024-07-31 00:00:00,21,452
1132,2,still trash,2024-11-04 00:00:00,78,301
1133,5,not too shabby x2,2024-05-10 00:00:00,95,2
1134,5,not too shabby x2,2024-01-07 00:00:00,8,492
1135,3,somewhat not trash,2024-12-02 00:00:00,33,751
1136,3,somewhat not trash,2024-07-06 00:00:00,77,522
1137,4,not too shabby,2024-12-07 00:00:00,70,271
1138,4,not too shabby,2025-02-06 00:00:00,99,559
1139,3,somewhat not trash,2024-11-01 00:00:00,90,331
1140,3,somewhat not trash,2025-02-01 00:00:00,101,273
1141,3,somewhat not trash,2024-12-27 00:00:00,87,869
1142,2,still trash,2024-12-20 00:00:00,26,259
1143,4,not too shabby,2025-02-09 00:00:00,29,124
1144,2,still trash,2023-08-15 00:00:00,17,810
1145,5,not too shabby x2,2024-12-06 00:00:00,80,929
1146,5,not too shabby x2,2024-12-21 00:00:00,8,351
1147,4,not too shabby,2025-01-13 00:00:00,94,426
1148,1,trash,2025-02-26 00:00:00,59,599
1149,2,still trash,2024-02-18 00:00:00,86,85
1150,4,not too shabby,2025-02-13 00:00:00,9,73
1151,4,not too shabby,2024-11-22 00:00:00,101,511
1152,4,not too shabby,2024-04-06 00:00:00,42,170
1153,5,not too shabby x2,2024-06-21 00:00:00,88,763
1154,2,still trash,2024-09-29 00:00:00,55,943
1155,3,somewhat not trash,2024-10-08 00:00:00,22,154
1156,1,trash,2024-10-08 00:00:00,93,875
1157,5,not too shabby x2,2024-09-02 00:00:00,45,739
1158,1,trash,2024-07-31 00:00:00,54,246
1159,3,somewhat not trash,2024-03-09 00:00:00,34,128
1160,1,trash,2024-10-27 00:00:00,93,752
1161,3,somewhat not trash,2025-03-12 00:00:00,84,628
1162,3,somewhat not trash,2024-12-14 00:00:00,99,358
1163,3,somewhat not trash,2024-12-23 00:00:00,90,16
1164,2,still trash,2024-02-04 00:00:00,45,860
1165,4,not too shabby,2024-12-31 00:00:00,53,81
1166,4,not too shabby,2024-07-13 00:00:00,65,768
1167,2,still trash,2024-09-22 00:00:00,26,403
1168,4,not too shabby,2024-04-07 00:00:00,87,314
1169,3,somewhat not trash,2025-03-08 00:00:00,41,900
1170,2,still trash,2025-02-04 00:00:00,65,277
1171,2,still trash,2024-06-28 00:00:00,41,579
1172,5,not too shabby x2,2024-10-27 00:00:00,11,946
1173,5,not too shabby x2,2024-08-01 00:00:00,99,281
1174,3,somewhat not trash,2024-04-06 00:00:00,19,699
1175,2,still trash,2024-09-03 00:00:00,40,404
1176,4,not too shabby,2024-10-30 00:00:00,23,83
1177,2,still trash,2024-04-07 00:00:00,93,552
1178,3,somewhat not trash,2024-08-19 00:00:00,103,923
1179,1,trash,2025-01-22 00:00:00,91,889
1180,3,somewhat not trash,2025-01-29 00:00:00,37,706
1181,3,somewhat not trash,2024-12-22 00:00:00,40,188
1182,4,not too shabby,2024-01-26 00:00:00,98,535
1183,2,still trash,2024-09-17 00:00:00,4,289
1184,1,trash,2024-06-04 00:00:00,49,180
1185,4,not too shabby,2024-09-13 00:00:00,23,580
1186,5,not too shabby x2,2025-02-11 00:00:00,62,824
1187,5,not too shabby x2,2024-11-11 00:00:00,60,325
1188,5,not too shabby x2,2025-01-17 00:00:00,57,679
1189,5,not too shabby x2,2024-10-07 00:00:00,61,514
1190,3,somewhat not trash,2024-06-28 00:00:00,86,963
1191,4,not too shabby,2023-03-25 00:00:00,76,510
1192,4,not too shabby,2025-02-17 00:00:00,41,908
1193,2,still trash,2025-02-22 00:00:00,50,701
1194,5,not too shabby x2,2024-12-23 00:00:00,25,410
1195,3,somewhat not trash,2023-12-10 00:00:00,78,381
1196,3,somewhat not trash,2024-09-10 00:00:00,47,739
1197,5,not too shabby x2,2024-09-22 00:00:00,54,967
1198,1,trash,2024-11-06 00:00:00,16,798
1199,2,still trash,2025-01-13 00:00:00,74,442
1200,2,still trash,2023-07-10 00:00:00,9,650
1201,2,still trash,2024-01-23 00:00:00,86,784
1202,4,not too shabby,2025-01-12 00:00:00,48,110
1203,1,trash,2024-05-20 00:00:00,21,101
1204,1,trash,2024-10-28 00:00:00,65,728
1205,3,somewhat not trash,2024-12-16 00:00:00,36,488
1206,2,still trash,2025-01-22 00:00:00,104,95
1207,3,somewhat not trash,2025-03-01 00:00:00,70,406
1208,2,still trash,2024-01-19 00:00:00,39,637
1209,1,trash,2025-01-07 00:00:00,81,762
1210,1,trash,2025-01-07 00:00:00,93,140
1211,4,not too shabby,2025-02-05 00:00:00,52,514
1212,1,trash,2024-08-12 00:00:00,63,75
1213,5,not too shabby x2,2025-01-11 00:00:00,55,64
1214,1,trash,2025-01-01 00:00:00,67,782
1215,4,not too shabby,2024-11-24 00:00:00,32,127
1216,4,not too shabby,2025-02-12 00:00:00,18,850
1217,3,somewhat not trash,2023-08-05 00:00:00,35,77
1218,2,still trash,2024-12-22 00:00:00,33,673
1219,5,not too shabby x2,2025-02-15 00:00:00,4,314
1220,5,not too shabby x2,2024-09-27 00:00:00,83,888
1221,1,trash,2025-01-28 00:00:00,49,338
1222,5,not too shabby x2,2024-08-28 00:00:00,65,282
1223,5,not too shabby x2,2024-12-14 00:00:00,64,482
1224,3,somewhat not trash,2023-06-14 00:00:00,76,890
1225,3,somewhat not trash,2024-07-18 00:00:00,74,659
1226,4,not too shabby,2023-03-09 00:00:00,44,513
1227,3,somewhat not trash,2024-05-05 00:00:00,57,839
1228,3,somewhat not trash,2024-10-09 00:00:00,16,178
1229,2,still trash,2024-08-04 00:00:00,80,123
1230,1,trash,2025-01-23 00:00:00,12,564
1231,3,somewhat not trash,2023-04-06 00:00:00,5,139
1232,1,trash,2024-05-02 00:00:00,6,516
1233,1,trash,2024-12-27 00:00:00,28,68
1234,3,somewhat not trash,2024-12-06 00:00:00,33,49
1235,1,trash,2024-12-17 00:00:00,19,196
1236,3,somewhat not trash,2024-11-13 00:00:00,66,558
1237,4,not too shabby,2024-11-09 00:00:00,33,83
1238,3,somewhat not trash,2024-08-31 00:00:00,54,759
1239,4,not too shabby,2024-12-08 00:00:00,29,337
1240,2,still trash,2025-03-03 00:00:00,57,217
1241,5,not too shabby x2,2023-06-25 00:00:00,74,321
1242,2,still trash,2023-10-28 00:00:00,69,317
1243,1,trash,2024-08-27 00:00:00,69,473
1244,4,not too shabby,2024-11-16 00:00:00,41,730
1245,1,trash,2023-07-16 00:00:00,76,386
1246,2,still trash,2025-02-27 00:00:00,98,802
1247,2,still trash,2024-06-29 00:00:00,24,165
1248,2,still trash,2025-03-06 00:00:00,43,294
1249,3,somewhat not trash,2024-11-01 00:00:00,29,229
1250,4,not too shabby,2023-12-26 00:00:00,91,949
1251,4,not too shabby,2024-01-31 00:00:00,19,482
1252,2,still trash,2025-02-17 00:00:00,30,801
1253,3,somewhat not trash,2022-07-07 00:00:00,6,282
1254,2,still trash,2022-03-17 00:00:00,73,351
1255,1,trash,2024-10-15 00:00:00,59,58
1256,4,not too shabby,2024-12-19 00:00:00,2,451
1257,1,trash,2025-02-20 00:00:00,83,984
1258,2,still trash,2024-05-14 00:00:00,53,314
1259,3,somewhat not trash,2023-08-27 00:00:00,48,890
1260,4,not too shabby,2024-09-13 00:00:00,98,24
1261,5,not too shabby x2,2024-08-21 00:00:00,28,880
1262,5,not too shabby x2,2024-08-22 00:00:00,68,816
1263,1,trash,2025-02-13 00:00:00,36,896
1264,2,still trash,2024-10-29 00:00:00,36,236
1265,2,still trash,2024-11-05 00:00:00,32,261
1266,1,trash,2025-01-01 00:00:00,74,794
1267,2,still trash,2024-11-25 00:00:00,35,506
1268,5,not too shabby x2,2024-05-31 00:00:00,25,366
1269,4,not too shabby,2025-02-05 00:00:00,93,72
1270,3,somewhat not trash,2024-06-05 00:00:00,26,247
1271,4,not too shabby,2024-05-06 00:00:00,17,376
1272,1,trash,2024-11-05 00:00:00,42,211
1273,5,not too shabby x2,2024-10-16 00:00:00,40,368
1274,5,not too shabby x2,2025-01-20 00:00:00,23,479
1275,4,not too shabby,2024-10-11 00:00:00,47,736
1276,1,trash,2024-06-13 00:00:00,69,943
1277,2,still trash,2024-11-10 00:00:00,40,60
1278,2,still trash,2024-05-18 00:00:00,67,313
1279,1,trash,2024-11-09 00:00:00,75,337
1280,2,still trash,2024-12-12 00:00:00,82,638
1281,3,somewhat not trash,2024-12-19 00:00:00,36,318
1282,5,not too shabby x2,2024-04-20 00:00:00,46,969
1283,1,trash,2024-12-24 00:00:00,91,775
1284,3,somewhat not trash,2024-01-01 00:00:00,81,508
1285,3,somewhat not trash,2022-11-02 00:00:00,89,368
1286,4,not too shabby,2024-08-27 00:00:00,28,693
1287,5,not too shabby x2,2023-06-27 00:00:00,9,567
1288,3,somewhat not trash,2024-10-23 00:00:00,85,444
1289,2,still trash,2025-02-17 00:00:00,60,679
1290,4,not too shabby,2024-07-07 00:00:00,37,91
1291,2,still trash,2024-08-24 00:00:00,98,661
1292,3,somewhat not trash,2024-06-01 00:00:00,58,204
1293,4,not too shabby,2024-09-03 00:00:00,86,134
1294,5,not too shabby x2,2025-01-27 00:00:00,54,835
1295,4,not too shabby,2023-03-26 00:00:00,79,822
1296,3,somewhat not trash,2023-12-25 00:00:00,78,753
1297,1,trash,2025-01-07 00:00:00,1,37
1298,5,not too shabby x2,2024-05-21 00:00:00,29,713
1299,4,not too shabby,2024-08-31 00:00:00,21,454
1300,3,somewhat not trash,2024-08-11 00:00:00,47,594
1301,3,somewhat not trash,2024-09-10 00:00:00,68,128
1302,4,not too shabby,2025-01-17 00:00:00,12,282
1303,2,still trash,2024-03-02 00:00:00,23,276
1304,5,not too shabby x2,2024-07-12 00:00:00,63,51
1305,1,trash,2024-11-26 00:00:00,55,543
1306,5,not too shabby x2,2025-03-07 00:00:00,36,176
1307,2,still trash,2023-01-05 00:00:00,58,847
1308,1,trash,2024-07-25 00:00:00,85,136
1309,3,somewhat not trash,2024-11-15 00:00:00,35,661
1310,1,trash,2024-05-07 00:00:00,5,86
1311,1,trash,2025-02-27 00:00:00,76,975
1312,3,somewhat not trash,2024-08-18 00:00:00,30,894
1313,1,trash,2024-12-22 00:00:00,29,676
1314,5,not too shabby x2,2024-08-10 00:00:00,32,371
1315,5,not too shabby x2,2024-08-09 00:00:00,17,615
1316,5,not too shabby x2,2024-08-04 00:00:00,66,645
1317,4,not too shabby,2024-05-18 00:00:00,18,661
1318,1,trash,2024-08-19 00:00:00,30,637
1319,3,somewhat not trash,2025-02-19 00:00:00,32,498
1320,2,still trash,2025-02-11 00:00:00,10,931
1321,2,still trash,2023-08-19 00:00:00,73,539
1322,3,somewhat not trash,2023-06-30 00:00:00,78,246
1323,3,somewhat not trash,2025-02-11 00:00:00,15,411
1324,3,somewhat not trash,2025-01-08 00:00:00,9,288
1325,1,trash,2024-08-20 00:00:00,19,329
1326,2,still trash,2025-02-26 00:00:00,65,945
1327,2,still trash,2024-10-17 00:00:00,13,896
1328,2,still trash,2024-05-03 00:00:00,93,238
1329,5,not too shabby x2,2025-03-06 00:00:00,48,244
1330,5,not too shabby x2,2024-11-04 00:00:00,29,639
1331,2,still trash,2024-01-15 00:00:00,17,268
1332,5,not too shabby x2,2024-05-12 00:00:00,26,450
1333,2,still trash,2024-10-06 00:00:00,49,820
1334,1,trash,2024-11-20 00:00:00,62,170
1335,1,trash,2025-01-02 00:00:00,3,540
1336,5,not too shabby x2,2024-09-04 00:00:00,32,379
1337,1,trash,2024-11-09 00:00:00,54,72
1338,1,trash,2024-09-24 00:00:00,93,597
1339,1,trash,2024-11-09 00:00:00,51,744
1340,5,not too shabby x2,2024-09-13 00:00:00,83,961
1341,1,trash,2024-06-16 00:00:00,45,898
1342,3,somewhat not trash,2024-12-06 00:00:00,53,541
1343,1,trash,2025-02-01 00:00:00,104,434
1344,2,still trash,2025-01-02 00:00:00,96,533
1345,4,not too shabby,2024-11-08 00:00:00,57,291
1346,4,not too shabby,2024-09-10 00:00:00,57,684
1347,2,still trash,2024-12-30 00:00:00,66,556
1348,4,not too shabby,2024-08-04 00:00:00,64,634
1349,2,still trash,2024-08-08 00:00:00,93,850
1350,3,somewhat not trash,2024-12-04 00:00:00,54,831
1351,3,somewhat not trash,2023-05-11 00:00:00,55,643
1352,3,somewhat not trash,2025-03-05 00:00:00,60,842
1353,2,still trash,2024-12-22 00:00:00,95,95
1354,3,somewhat not trash,2025-01-13 00:00:00,30,897
1355,1,trash,2023-04-25 00:00:00,9,670
1356,4,not too shabby,2025-01-22 00:00:00,98,503
1357,1,trash,2024-10-14 00:00:00,36,200
1358,2,still trash,2024-12-15 00:00:00,58,367
1359,5,not too shabby x2,2024-11-22 00:00:00,62,479
1360,2,still trash,2024-07-23 00:00:00,81,484
1361,3,somewhat not trash,2024-11-25 00:00:00,64,540
1362,3,somewhat not trash,2024-10-02 00:00:00,71,264
1363,4,not too shabby,2024-04-26 00:00:00,6,441
1364,1,trash,2025-03-06 00:00:00,16,990
1365,3,somewhat not trash,2023-12-31 00:00:00,21,857
1366,4,not too shabby,2024-07-16 00:00:00,101,469
1367,2,still trash,2023-11-26 00:00:00,76,444
1368,5,not too shabby x2,2024-10-04 00:00:00,11,527
1369,3,somewhat not trash,2024-07-03 00:00:00,57,236
1370,3,somewhat not trash,2024-11-17 00:00:00,2,733
1371,4,not too shabby,2024-11-19 00:00:00,10,394
1372,1,trash,2025-03-12 00:00:00,90,177
1373,4,not too shabby,2024-01-24 00:00:00,90,657
1374,1,trash,2024-10-18 00:00:00,62,504
1375,3,somewhat not trash,2024-09-25 00:00:00,38,221
1376,5,not too shabby x2,2024-12-16 00:00:00,1,684
1377,4,not too shabby,2025-01-27 00:00:00,21,621
1378,5,not too shabby x2,2024-12-25 00:00:00,27,902
1379,2,still trash,2024-08-27 00:00:00,103,974
1380,4,not too shabby,2025-02-10 00:00:00,96,886
1381,4,not too shabby,2024-08-06 00:00:00,101,203
1382,1,trash,2024-10-22 00:00:00,28,768
1383,5,not too shabby x2,2025-02-21 00:00:00,63,69
1384,5,not too shabby x2,2024-11-22 00:00:00,21,674
1385,5,not too shabby x2,2025-02-25 00:00:00,60,813
1386,2,still trash,2024-11-28 00:00:00,48,216
1387,3,somewhat not trash,2025-01-17 00:00:00,104,924
1388,5,not too shabby x2,2024-10-21 00:00:00,102,257
1389,3,somewhat not trash,2025-02-27 00:00:00,97,892
1390,3,somewhat not trash,2025-01-08 00:00:00,20,298
1391,5,not too shabby x2,2024-10-12 00:00:00,31,479
1392,5,not too shabby x2,2024-01-19 00:00:00,74,364
1393,3,somewhat not trash,2024-03-25 00:00:00,35,654
1394,5,not too shabby x2,2025-01-11 00:00:00,13,802
1395,4,not too shabby,2024-03-12 00:00:00,75,916
1396,3,somewhat not trash,2024-05-22 00:00:00,54,925
1397,4,not too shabby,2024-05-15 00:00:00,48,802
1398,2,still trash,2024-06-22 00:00:00,49,355
1399,3,somewhat not trash,2024-12-16 00:00:00,58,514
1400,5,not too shabby x2,2024-07-29 00:00:00,85,137
1401,3,somewhat not trash,2025-01-21 00:00:00,25,572
1402,5,not too shabby x2,2024-09-06 00:00:00,19,449
1403,2,still trash,2024-10-31 00:00:00,61,664
1404,4,not too shabby,2023-10-30 00:00:00,48,854
1405,3,somewhat not trash,2024-05-06 00:00:00,98,539
1406,5,not too shabby x2,2025-03-06 00:00:00,63,900
1407,3,somewhat not trash,2024-12-05 00:00:00,21,561
1408,4,not too shabby,2024-06-21 00:00:00,42,677
1409,1,trash,2025-01-10 00:00:00,14,287
1410,3,somewhat not trash,2024-11-18 00:00:00,61,154
1411,2,still trash,2024-01-12 00:00:00,87,276
1412,4,not too shabby,2024-10-31 00:00:00,5,424
1413,3,somewhat not trash,2023-01-31 00:00:00,89,457
1414,3,somewhat not trash,2024-12-17 00:00:00,65,838
1415,4,not too shabby,2024-08-06 00:00:00,65,615
1416,4,not too shabby,2023-10-05 00:00:00,22,753
1417,1,trash,2024-05-27 00:00:00,93,653
1418,2,still trash,2024-06-27 00:00:00,20,111
1419,1,trash,2024-07-28 00:00:00,59,206
1420,4,not too shabby,2024-08-25 00:00:00,40,531
1421,3,somewhat not trash,2024-11-15 00:00:00,28,89
1422,5,not too shabby x2,2023-05-21 00:00:00,77,804
1423,1,trash,2022-09-14 00:00:00,102,803
1424,2,still trash,2023-04-17 00:00:00,75,875
1425,3,somewhat not trash,2024-09-18 00:00:00,22,7
1426,5,not too shabby x2,2024-08-24 00:00:00,40,925
1427,1,trash,2025-03-11 00:00:00,84,438
1428,3,somewhat not trash,2023-06-14 00:00:00,7,44
1429,3,somewhat not trash,2024-10-13 00:00:00,56,154
1430,5,not too shabby x2,2024-09-20 00:00:00,87,255
1431,1,trash,2024-09-28 00:00:00,35,211
1432,5,not too shabby x2,2025-03-02 00:00:00,81,222
1433,1,trash,2024-08-08 00:00:00,8,606
1434,5,not too shabby x2,2024-09-03 00:00:00,94,275
1435,4,not too shabby,2024-03-26 00:00:00,103,630
1436,4,not too shabby,2024-05-09 00:00:00,49,63
1437,2,still trash,2024-07-23 00:00:00,94,914
1438,3,somewhat not trash,2024-10-05 00:00:00,98,70
1439,4,not too shabby,2024-06-26 00:00:00,58,762
1440,4,not too shabby,2025-01-27 00:00:00,50,727
1441,2,still trash,2024-12-02 00:00:00,32,782
1442,5,not too shabby x2,2025-03-12 00:00:00,84,804
1443,1,trash,2025-01-05 00:00:00,40,295
1444,4,not too shabby,2023-11-08 00:00:00,56,359
1445,3,somewhat not trash,2024-07-09 00:00:00,64,92
1446,4,not too shabby,2025-03-02 00:00:00,10,539
1447,1,trash,2024-03-26 00:00:00,36,12
1448,4,not too shabby,2024-12-05 00:00:00,101,85
1449,4,not too shabby,2024-09-04 00:00:00,95,959
1450,2,still trash,2025-01-12 00:00:00,31,10
1451,4,not too shabby,2023-04-09 00:00:00,46,189
1452,5,not too shabby x2,2025-03-10 00:00:00,64,265
1453,3,somewhat not trash,2025-01-26 00:00:00,44,827
1454,1,trash,2024-09-02 00:00:00,65,734
1455,2,still trash,2024-11-01 00:00:00,57,105
1456,5,not too shabby x2,2024-08-20 00:00:00,56,776
1457,5,not too shabby x2,2024-10-16 00:00:00,89,529
1458,3,somewhat not trash,2023-08-30 00:00:00,76,912
1459,2,still trash,2025-03-05 00:00:00,15,830
1460,5,not too shabby x2,2025-01-26 00:00:00,81,392
1461,4,not too shabby,2023-01-31 00:00:00,90,980
1462,2,still trash,2025-02-22 00:00:00,77,200
1463,4,not too shabby,2023-08-18 00:00:00,44,210
1464,4,not too shabby,2024-10-02 00:00:00,71,226
1465,2,still trash,2025-01-31 00:00:00,16,806
1466,4,not too shabby,2025-02-19 00:00:00,59,223
1467,5,not too shabby x2,2024-01-19 00:00:00,81,389
1468,3,somewhat not trash,2023-01-02 00:00:00,77,857
1469,4,not too shabby,2024-09-02 00:00:00,39,792
1470,5,not too shabby x2,2024-04-30 00:00:00,32,485
1471,4,not too shabby,2024-06-18 00:00:00,53,450
1472,4,not too shabby,2024-11-06 00:00:00,3,757
1473,2,still trash,2023-10-16 00:00:00,80,607
1474,5,not too shabby x2,2024-06-06 00:00:00,38,246
1475,1,trash,2024-01-13 00:00:00,6,543
1476,3,somewhat not trash,2024-10-28 00:00:00,10,767
1477,3,somewhat not trash,2024-10-10 00:00:00,76,826
1478,5,not too shabby x2,2024-12-13 00:00:00,69,307
1479,1,trash,2023-03-11 00:00:00,41,765
1480,5,not too shabby x2,2024-11-23 00:00:00,84,382
1481,4,not too shabby,2024-12-13 00:00:00,13,638
1482,2,still trash,2024-10-21 00:00:00,49,499
1483,5,not too shabby x2,2025-02-22 00:00:00,81,931
1484,1,trash,2024-11-09 00:00:00,1,972
1485,1,trash,2025-01-28 00:00:00,24,327
1486,2,still trash,2022-11-13 00:00:00,91,278
1487,3,somewhat not trash,2024-08-31 00:00:00,90,698
1488,5,not too shabby x2,2024-04-10 00:00:00,39,496
1489,4,not too shabby,2024-07-21 00:00:00,89,271
1490,2,still trash,2023-09-08 00:00:00,82,912
1491,5,not too shabby x2,2025-02-14 00:00:00,96,732
1492,2,still trash,2025-02-28 00:00:00,13,980
1493,5,not too shabby x2,2025-02-22 00:00:00,55,935
1494,3,somewhat not trash,2025-02-12 00:00:00,15,179
1495,2,still trash,2025-02-18 00:00:00,95,470
1496,4,not too shabby,2025-01-08 00:00:00,30,824
1497,4,not too shabby,2023-10-15 00:00:00,9,366
1498,1,trash,2024-10-09 00:00:00,44,842
1499,2,still trash,2025-02-12 00:00:00,80,799
1500,4,not too shabby,2024-04-01 00:00:00,97,973
1501,1,trash,2023-09-02 00:00:00,57,71
1502,3,somewhat not trash,2024-10-09 00:00:00,62,320
1503,3,somewhat not trash,2025-02-19 00:00:00,104,701
1504,3,somewhat not trash,2024-11-27 00:00:00,11,682
1505,1,trash,2024-04-12 00:00:00,97,505
1506,5,not too shabby x2,2024-07-31 00:00:00,85,423
1507,2,still trash,2024-01-15 00:00:00,102,492
1508,3,somewhat not trash,2024-06-24 00:00:00,54,232
1509,1,trash,2024-01-04 00:00:00,99,138
1510,1,trash,2025-02-26 00:00:00,21,449
1511,3,somewhat not trash,2024-07-14 00:00:00,103,272
1512,3,somewhat not trash,2024-10-03 00:00:00,56,27
1513,2,still trash,2024-10-02 00:00:00,38,292
1514,3,somewhat not trash,2024-03-01 00:00:00,68,217
1515,1,trash,2024-02-18 00:00:00,43,57
1516,5,not too shabby x2,2024-07-19 00:00:00,52,287
1517,1,trash,2025-02-28 00:00:00,100,699
1518,3,somewhat not trash,2024-08-24 00:00:00,58,354
1519,3,somewhat not trash,2025-01-27 00:00:00,28,937
1520,2,still trash,2024-12-06 00:00:00,48,608
1521,4,not too shabby,2024-08-16 00:00:00,72,719
1522,2,still trash,2023-02-18 00:00:00,4,491
1523,3,somewhat not trash,2023-08-05 00:00:00,9,911
1524,4,not too shabby,2024-11-01 00:00:00,31,374
1525,5,not too shabby x2,2024-12-24 00:00:00,25,801
1526,3,somewhat not trash,2023-12-22 00:00:00,24,629
1527,2,still trash,2023-03-23 00:00:00,73,915
1528,2,still trash,2025-02-13 00:00:00,83,151
1529,5,not too shabby x2,2024-11-22 00:00:00,67,282
1530,1,trash,2024-12-07 00:00:00,15,459
1531,1,trash,2024-11-11 00:00:00,53,281
1532,2,still trash,2023-06-16 00:00:00,87,433
1533,4,not too shabby,2025-03-14 00:00:00,12,131
1534,1,trash,2025-02-17 00:00:00,89,669
1535,3,somewhat not trash,2025-03-04 00:00:00,21,851
1536,1,trash,2024-07-25 00:00:00,86,445
1537,5,not too shabby x2,2025-02-18 00:00:00,97,293
1538,5,not too shabby x2,2024-11-04 00:00:00,15,877
1539,4,not too shabby,2024-10-24 00:00:00,79,24
1540,5,not too shabby x2,2024-07-02 00:00:00,88,889
1541,5,not too shabby x2,2023-10-04 00:00:00,70,874
1542,4,not too shabby,2025-02-03 00:00:00,47,963
1543,3,somewhat not trash,2023-12-27 00:00:00,18,987
1544,3,somewhat not trash,2023-04-06 00:00:00,86,662
1545,3,somewhat not trash,2025-03-06 00:00:00,40,137
1546,1,trash,2024-09-24 00:00:00,52,502
1547,3,somewhat not trash,2024-11-10 00:00:00,61,4
1548,2,still trash,2024-05-17 00:00:00,53,548
1549,3,somewhat not trash,2023-09-27 00:00:00,102,196
1550,1,trash,2025-01-22 00:00:00,59,513
1551,1,trash,2025-01-08 00:00:00,104,818
1552,3,somewhat not trash,2023-11-30 00:00:00,92,843
1553,2,still trash,2024-02-02 00:00:00,77,967
1554,5,not too shabby x2,2024-12-01 00:00:00,54,889
1555,1,trash,2025-02-16 00:00:00,103,697
1556,5,not too shabby x2,2024-12-10 00:00:00,56,673
1557,4,not too shabby,2024-03-16 00:00:00,89,896
1558,5,not too shabby x2,2024-10-17 00:00:00,1,760
1559,2,still trash,2024-06-29 00:00:00,54,404
1560,1,trash,2024-08-26 00:00:00,22,610
1561,5,not too shabby x2,2023-10-19 00:00:00,80,701
1562,1,trash,2025-02-21 00:00:00,17,652
1563,1,trash,2024-06-06 00:00:00,38,495
1564,5,not too shabby x2,2024-06-20 00:00:00,6,365
1565,5,not too shabby x2,2024-12-31 00:00:00,15,508
1566,3,somewhat not trash,2024-11-25 00:00:00,13,414
1567,5,not too shabby x2,2024-10-08 00:00:00,35,5
1568,5,not too shabby x2,2025-01-03 00:00:00,86,816
1569,1,trash,2025-01-15 00:00:00,34,814
1570,5,not too shabby x2,2025-02-18 00:00:00,90,389
1571,3,somewhat not trash,2025-03-09 00:00:00,64,145
1572,4,not too shabby,2024-12-05 00:00:00,17,525
1573,5,not too shabby x2,2025-01-18 00:00:00,7,555
1574,3,somewhat not trash,2025-02-26 00:00:00,63,750
1575,4,not too shabby,2024-06-08 00:00:00,35,418
1576,3,somewhat not trash,2024-07-28 00:00:00,20,674
1577,2,still trash,2024-11-22 00:00:00,48,871
1578,5,not too shabby x2,2024-09-27 00:00:00,17,362
1579,2,still trash,2024-09-08 00:00:00,65,799
1580,4,not too shabby,2025-01-10 00:00:00,13,825
1581,5,not too shabby x2,2024-11-07 00:00:00,79,835
1582,3,somewhat not trash,2023-12-02 00:00:00,80,911
1583,4,not too shabby,2025-02-18 00:00:00,45,283
1584,5,not too shabby x2,2023-05-16 00:00:00,66,770
1585,3,somewhat not trash,2024-10-20 00:00:00,31,486
1586,5,not too shabby x2,2023-09-11 00:00:00,66,582
1587,4,not too shabby,2024-05-12 00:00:00,103,312
1588,3,somewhat not trash,2025-01-11 00:00:00,30,229
1589,2,still trash,2025-02-01 00:00:00,69,732
1590,4,not too shabby,2024-02-04 00:00:00,98,381
1591,5,not too shabby x2,2025-02-13 00:00:00,23,349
1592,2,still trash,2024-03-15 00:00:00,4,918
1593,2,still trash,2023-10-21 00:00:00,18,423
1594,2,still trash,2024-04-04 00:00:00,96,740
1595,2,still trash,2024-03-09 00:00:00,84,623
1596,3,somewhat not trash,2024-07-25 00:00:00,63,105
1597,3,somewhat not trash,2024-03-13 00:00:00,43,95
1598,4,not too shabby,2024-12-02 00:00:00,63,848
1599,1,trash,2024-04-08 00:00:00,83,415
1600,3,somewhat not trash,2024-08-21 00:00:00,22,979
1601,3,somewhat not trash,2025-02-17 00:00:00,77,514
1602,1,trash,2025-02-07 00:00:00,60,598
1603,1,trash,2024-06-24 00:00:00,18,250
1604,1,trash,2025-01-04 00:00:00,73,713
1605,3,somewhat not trash,2023-08-03 00:00:00,47,46
1606,4,not too shabby,2023-11-29 00:00:00,87,280
1607,4,not too shabby,2024-10-21 00:00:00,98,247
1608,1,trash,2023-05-11 00:00:00,74,489
1609,1,trash,2023-12-23 00:00:00,58,374
1610,1,trash,2024-09-28 00:00:00,25,354
1611,4,not too shabby,2023-11-09 00:00:00,48,777
1612,3,somewhat not trash,2023-11-14 00:00:00,75,596
1613,5,not too shabby x2,2023-06-07 00:00:00,86,902
1614,1,trash,2024-10-06 00:00:00,64,575
1615,2,still trash,2025-01-12 00:00:00,76,809
1616,2,still trash,2025-01-13 00:00:00,54,783
1617,1,trash,2024-11-13 00:00:00,18,186
1618,2,still trash,2024-11-10 00:00:00,16,952
1619,4,not too shabby,2023-12-08 00:00:00,47,303
1620,2,still trash,2023-03-05 00:00:00,76,332
1621,4,not too shabby,2024-07-15 00:00:00,103,641
1622,2,still trash,2024-12-22 00:00:00,59,282
1623,4,not too shabby,2025-01-11 00:00:00,12,765
1624,3,somewhat not trash,2025-01-11 00:00:00,17,252
1625,1,trash,2024-03-31 00:00:00,36,519
1626,5,not too shabby x2,2024-11-11 00:00:00,90,803
1627,4,not too shabby,2024-08-26 00:00:00,93,75
1628,5,not too shabby x2,2024-09-18 00:00:00,30,399
1629,2,still trash,2025-01-20 00:00:00,71,123
1630,5,not too shabby x2,2024-10-05 00:00:00,37,194
1631,4,not too shabby,2022-10-31 00:00:00,47,435
1632,3,somewhat not trash,2024-06-19 00:00:00,77,20
1633,5,not too shabby x2,2024-04-11 00:00:00,27,284
1634,4,not too shabby,2024-11-25 00:00:00,25,830
1635,4,not too shabby,2025-03-02 00:00:00,2,223
1636,2,still trash,2025-01-07 00:00:00,69,867
1637,5,not too shabby x2,2024-08-22 00:00:00,19,33
1638,5,not too shabby x2,2024-08-22 00:00:00,43,885
1639,5,not too shabby x2,2024-08-10 00:00:00,100,691
1640,4,not too shabby,2024-08-28 00:00:00,36,742
1641,3,somewhat not trash,2025-03-10 00:00:00,19,581
1642,4,not too shabby,2025-03-02 00:00:00,79,147
1643,1,trash,2024-04-15 00:00:00,32,49
1644,2,still trash,2023-11-11 00:00:00,5,854
1645,3,somewhat not trash,2024-07-28 00:00:00,37,953
1646,4,not too shabby,2024-07-09 00:00:00,93,801
1647,5,not too shabby x2,2024-10-02 00:00:00,42,617
1648,4,not too shabby,2024-07-20 00:00:00,19,477
1649,3,somewhat not trash,2024-05-10 00:00:00,57,188
1650,3,somewhat not trash,2024-07-23 00:00:00,95,287
1651,2,still trash,2024-12-06 00:00:00,59,137
1652,2,still trash,2025-01-06 00:00:00,66,983
1653,1,trash,2024-07-26 00:00:00,96,15
1654,5,not too shabby x2,2024-09-07 00:00:00,31,87
1655,1,trash,2024-11-25 00:00:00,11,340
1656,4,not too shabby,2023-05-27 00:00:00,71,878
1657,2,still trash,2024-10-29 00:00:00,12,720
1658,1,trash,2024-02-27 00:00:00,75,991
1659,1,trash,2024-04-28 00:00:00,47,180
1660,2,still trash,2024-05-12 00:00:00,71,617
1661,4,not too shabby,2024-09-18 00:00:00,19,970
1662,2,still trash,2023-04-01 00:00:00,43,492
1663,3,somewhat not trash,2024-11-08 00:00:00,12,489
1664,3,somewhat not trash,2024-07-04 00:00:00,54,816
1665,2,still trash,2024-11-16 00:00:00,60,29
1666,4,not too shabby,2024-02-17 00:00:00,38,792
1667,5,not too shabby x2,2024-11-09 00:00:00,10,297
1668,1,trash,2025-03-06 00:00:00,77,373
1669,2,still trash,2024-11-26 00:00:00,47,245
1670,5,not too shabby x2,2024-10-25 00:00:00,22,467
1671,2,still trash,2024-09-16 00:00:00,27,335
1672,2,still trash,2024-09-22 00:00:00,32,600
1673,2,still trash,2025-03-12 00:00:00,12,72
1674,4,not too shabby,2024-10-22 00:00:00,90,521
1675,1,trash,2024-10-09 00:00:00,98,787
1676,4,not too shabby,2023-12-21 00:00:00,66,434
1677,4,not too shabby,2024-08-11 00:00:00,36,922
1678,2,still trash,2024-12-04 00:00:00,31,77
1679,2,still trash,2024-10-09 00:00:00,29,523
1680,5,not too shabby x2,2024-09-11 00:00:00,28,124
1681,5,not too shabby x2,2024-11-09 00:00:00,10,845
1682,5,not too shabby x2,2024-08-07 00:00:00,18,909
1683,2,still trash,2024-09-21 00:00:00,58,149
1684,4,not too shabby,2024-01-05 00:00:00,45,21
1685,5,not too shabby x2,2024-10-28 00:00:00,100,728
1686,1,trash,2024-04-24 00:00:00,45,147
1687,2,still trash,2024-08-07 00:00:00,38,662
1688,5,not too shabby x2,2024-10-03 00:00:00,16,964
1689,4,not too shabby,2024-01-31 00:00:00,21,754
1690,4,not too shabby,2025-02-08 00:00:00,16,598
1691,5,not too shabby x2,2025-01-27 00:00:00,71,799
1692,4,not too shabby,2024-12-01 00:00:00,17,309
1693,4,not too shabby,2024-12-15 00:00:00,98,108
1694,3,somewhat not trash,2024-06-18 00:00:00,87,767
1695,3,somewhat not trash,2023-11-15 00:00:00,78,42
1696,1,trash,2025-03-12 00:00:00,31,784
1697,4,not too shabby,2024-06-18 00:00:00,83,949
1698,5,not too shabby x2,2023-11-25 00:00:00,84,644
1699,1,trash,2024-06-24 00:00:00,29,510
1700,1,trash,2024-11-21 00:00:00,95,961
1701,5,not too shabby x2,2023-07-16 00:00:00,69,730
1702,1,trash,2024-10-12 00:00:00,72,640
1703,4,not too shabby,2024-05-08 00:00:00,44,607
1704,3,somewhat not trash,2025-01-11 00:00:00,39,343
1705,3,somewhat not trash,2024-05-02 00:00:00,29,729
1706,3,somewhat not trash,2024-11-07 00:00:00,20,962
1707,1,trash,2023-04-28 00:00:00,58,110
1708,1,trash,2023-07-26 00:00:00,81,924
1709,4,not too shabby,2024-12-24 00:00:00,70,28
1710,3,somewhat not trash,2024-12-13 00:00:00,33,187
1711,3,somewhat not trash,2025-02-24 00:00:00,69,363
1712,4,not too shabby,2024-12-02 00:00:00,84,275
1713,1,trash,2024-10-25 00:00:00,39,242
1714,3,somewhat not trash,2024-08-28 00:00:00,102,684
1715,3,somewhat not trash,2024-12-14 00:00:00,13,187
1716,1,trash,2024-05-23 00:00:00,86,51
1717,5,not too shabby x2,2024-08-17 00:00:00,86,210
1718,4,not too shabby,2023-06-15 00:00:00,72,857
1719,3,somewhat not trash,2024-10-28 00:00:00,26,298
1720,5,not too shabby x2,2024-10-16 00:00:00,28,19
1721,3,somewhat not trash,2024-10-05 00:00:00,39,779
1722,3,somewhat not trash,2024-10-05 00:00:00,26,410
1723,3,somewhat not trash,2024-03-24 00:00:00,38,426
1724,3,somewhat not trash,2024-09-06 00:00:00,64,941
1725,4,not too shabby,2024-12-09 00:00:00,102,937
1726,4,not too shabby,2025-02-09 00:00:00,65,231
1727,3,somewhat not trash,2024-08-04 00:00:00,52,942
1728,3,somewhat not trash,2024-06-23 00:00:00,103,323
1729,1,trash,2024-12-03 00:00:00,12,869
1730,4,not too shabby,2025-03-03 00:00:00,43,628
1731,5,not too shabby x2,2024-12-31 00:00:00,46,599
1732,1,trash,2024-10-15 00:00:00,13,380
1733,1,trash,2024-03-15 00:00:00,4,479
1734,1,trash,2024-11-29 00:00:00,7,633
1735,3,somewhat not trash,2025-02-12 00:00:00,92,214
1736,5,not too shabby x2,2024-06-02 00:00:00,23,539
1737,3,somewhat not trash,2024-10-25 00:00:00,57,920
1738,5,not too shabby x2,2024-08-25 00:00:00,83,163
1739,3,somewhat not trash,2025-01-10 00:00:00,30,272
1740,3,somewhat not trash,2024-10-17 00:00:00,80,413
1741,4,not too shabby,2024-07-09 00:00:00,93,78
1742,1,trash,2025-01-06 00:00:00,51,617
1743,3,somewhat not trash,2024-02-12 00:00:00,47,575
1744,4,not too shabby,2024-11-03 00:00:00,38,86
1745,1,trash,2024-08-20 00:00:00,7,848
1746,2,still trash,2024-12-20 00:00:00,41,649
1747,1,trash,2024-10-21 00:00:00,7,380
1748,2,still trash,2023-10-24 00:00:00,102,819
1749,1,trash,2024-10-08 00:00:00,1,948
1750,4,not too shabby,2024-04-08 00:00:00,34,912
1751,4,not too shabby,2025-02-14 00:00:00,43,729
1752,4,not too shabby,2024-10-12 00:00:00,1,477
1753,2,still trash,2024-08-14 00:00:00,73,290
1754,5,not too shabby x2,2024-03-27 00:00:00,24,291
1755,2,still trash,2022-06-01 00:00:00,43,543
1756,1,trash,2024-06-24 00:00:00,18,507
1757,5,not too shabby x2,2025-02-16 00:00:00,16,558
1758,3,somewhat not trash,2024-07-10 00:00:00,59,259
1759,5,not too shabby x2,2022-10-08 00:00:00,17,303
1760,2,still trash,2025-02-20 00:00:00,48,488
1761,4,not too shabby,2025-02-08 00:00:00,30,277
1762,3,somewhat not trash,2023-11-01 00:00:00,66,267
1763,4,not too shabby,2025-01-18 00:00:00,18,692
1764,5,not too shabby x2,2025-02-03 00:00:00,1,441
1765,2,still trash,2024-06-19 00:00:00,87,748
1766,4,not too shabby,2023-01-18 00:00:00,72,597
1767,3,somewhat not trash,2025-02-06 00:00:00,101,606
1768,5,not too shabby x2,2024-12-18 00:00:00,30,937
1769,1,trash,2023-09-13 00:00:00,74,523
1770,3,somewhat not trash,2024-10-30 00:00:00,39,245
1771,5,not too shabby x2,2024-01-30 00:00:00,76,540
1772,1,trash,2024-10-29 00:00:00,62,270
1773,2,still trash,2024-09-28 00:00:00,52,884
1774,4,not too shabby,2025-01-08 00:00:00,54,258
1775,3,somewhat not trash,2025-01-29 00:00:00,82,421
1776,5,not too shabby x2,2025-02-24 00:00:00,58,363
1777,3,somewhat not trash,2025-01-11 00:00:00,95,522
1778,4,not too shabby,2024-07-08 00:00:00,82,880
1779,2,still trash,2024-06-08 00:00:00,93,21
1780,2,still trash,2023-07-08 00:00:00,44,133
1781,2,still trash,2024-06-19 00:00:00,25,184
1782,5,not too shabby x2,2023-11-20 00:00:00,55,143
1783,4,not too shabby,2024-11-29 00:00:00,96,178
1784,1,trash,2024-11-07 00:00:00,9,428
1785,5,not too shabby x2,2025-01-13 00:00:00,87,553
1786,5,not too shabby x2,2024-10-22 00:00:00,96,329
1787,3,somewhat not trash,2024-10-08 00:00:00,39,782
1788,5,not too shabby x2,2024-10-13 00:00:00,3,777
1789,4,not too shabby,2024-04-26 00:00:00,29,34
1790,4,not too shabby,2024-10-06 00:00:00,38,348
1791,3,somewhat not trash,2023-11-02 00:00:00,67,519
1792,2,still trash,2023-09-30 00:00:00,84,899
1793,3,somewhat not trash,2023-04-21 00:00:00,85,556
1794,5,not too shabby x2,2023-04-02 00:00:00,67,8
1795,4,not too shabby,2023-07-18 00:00:00,78,326
1796,2,still trash,2023-11-20 00:00:00,41,407
1797,1,trash,2024-07-24 00:00:00,101,0
1798,2,still trash,2025-02-24 00:00:00,80,711
1799,1,trash,2023-06-11 00:00:00,89,11
1800,1,trash,2023-12-22 00:00:00,81,665
1801,1,trash,2024-09-02 00:00:00,36,790
1802,3,somewhat not trash,2024-10-21 00:00:00,6,426
1803,1,trash,2024-07-17 00:00:00,18,140
1804,3,somewhat not trash,2024-09-19 00:00:00,78,657
1805,3,somewhat not trash,2024-12-21 00:00:00,60,440
1806,4,not too shabby,2024-08-06 00:00:00,51,154
1807,1,trash,2025-02-25 00:00:00,104,467
1808,4,not too shabby,2024-07-09 00:00:00,97,813
1809,1,trash,2024-11-27 00:00:00,98,921
1810,5,not too shabby x2,2024-11-24 00:00:00,13,536
1811,4,not too shabby,2024-09-18 00:00:00,82,849
1812,2,still trash,2023-08-25 00:00:00,74,369
1813,4,not too shabby,2024-09-30 00:00:00,77,110
1814,1,trash,2024-07-26 00:00:00,55,146
1815,3,somewhat not trash,2024-12-17 00:00:00,103,537
1816,5,not too shabby x2,2025-01-12 00:00:00,44,232
1817,1,trash,2025-02-08 00:00:00,51,886
1818,3,somewhat not trash,2024-11-07 00:00:00,82,438
1819,4,not too shabby,2023-09-20 00:00:00,92,698
1820,1,trash,2025-02-23 00:00:00,19,890
1821,4,not too shabby,2024-10-12 00:00:00,49,409
1822,3,somewhat not trash,2025-01-01 00:00:00,98,482
1823,5,not too shabby x2,2024-04-22 00:00:00,87,661
1824,4,not too shabby,2023-07-04 00:00:00,35,684
1825,4,not too shabby,2024-05-30 00:00:00,55,84
1826,2,still trash,2024-12-15 00:00:00,104,920
1827,1,trash,2024-07-19 00:00:00,65,662
1828,3,somewhat not trash,2024-11-23 00:00:00,64,938
1829,3,somewhat not trash,2024-01-04 00:00:00,23,157
1830,5,not too shabby x2,2023-11-15 00:00:00,18,462
1831,1,trash,2024-05-27 00:00:00,21,614
1832,3,somewhat not trash,2024-02-14 00:00:00,45,465
1833,3,somewhat not trash,2024-08-22 00:00:00,47,434
1834,2,still trash,2024-11-21 00:00:00,7,431
1835,4,not too shabby,2022-08-31 00:00:00,91,346
1836,1,trash,2023-09-22 00:00:00,57,532
1837,2,still trash,2025-01-15 00:00:00,40,812
1838,5,not too shabby x2,2024-10-08 00:00:00,49,659
1839,5,not too shabby x2,2024-07-25 00:00:00,92,27
1840,1,trash,2024-05-26 00:00:00,66,57
1841,2,still trash,2024-02-20 00:00:00,41,330
1842,1,trash,2024-08-31 00:00:00,38,940
1843,3,somewhat not trash,2024-10-06 00:00:00,14,167
1844,3,somewhat not trash,2024-06-26 00:00:00,99,663
1845,3,somewhat not trash,2024-06-17 00:00:00,18,240
1846,4,not too shabby,2024-12-01 00:00:00,88,34
1847,1,trash,2025-01-31 00:00:00,100,428
1848,1,trash,2024-07-26 00:00:00,98,911
1849,2,still trash,2024-08-11 00:00:00,93,918
1850,3,somewhat not trash,2025-02-10 00:00:00,25,181
1851,3,somewhat not trash,2025-03-09 00:00:00,73,41
1852,3,somewhat not trash,2024-12-11 00:00:00,97,847
1853,4,not too shabby,2025-01-29 00:00:00,104,401
1854,2,still trash,2025-02-14 00:00:00,89,44
1855,5,not too shabby x2,2024-11-20 00:00:00,70,872
1856,3,somewhat not trash,2024-10-06 00:00:00,39,9
1857,1,trash,2025-02-08 00:00:00,18,599
1858,4,not too shabby,2024-11-13 00:00:00,73,14
1859,4,not too shabby,2025-02-07 00:00:00,63,520
1860,5,not too shabby x2,2024-07-30 00:00:00,9,387
1861,1,trash,2025-02-02 00:00:00,16,610
1862,1,trash,2025-02-14 00:00:00,52,246
1863,5,not too shabby x2,2023-12-02 00:00:00,20,657
1864,2,still trash,2024-04-03 00:00:00,93,771
1865,2,still trash,2023-11-25 00:00:00,74,94
1866,1,trash,2024-07-05 00:00:00,8,495
1867,1,trash,2025-02-15 00:00:00,94,266
1868,3,somewhat not trash,2024-07-27 00:00:00,101,297
1869,5,not too shabby x2,2024-02-13 00:00:00,36,652
1870,4,not too shabby,2024-06-23 00:00:00,37,507
1871,1,trash,2024-07-07 00:00:00,52,129
1872,4,not too shabby,2024-09-01 00:00:00,23,807
1873,5,not too shabby x2,2024-09-04 00:00:00,23,205
1874,2,still trash,2024-07-13 00:00:00,51,734
1875,1,trash,2024-11-28 00:00:00,31,787
1876,4,not too shabby,2024-11-05 00:00:00,55,492
1877,2,still trash,2025-02-25 00:00:00,25,633
1878,4,not too shabby,2024-07-26 00:00:00,70,697
1879,3,somewhat not trash,2024-06-22 00:00:00,82,885
1880,4,not too shabby,2024-10-10 00:00:00,64,978
1881,3,somewhat not trash,2025-02-24 00:00:00,60,893
1882,1,trash,2024-05-01 00:00:00,68,216
1883,4,not too shabby,2023-05-01 00:00:00,55,182
1884,1,trash,2024-10-05 00:00:00,83,611
1885,3,somewhat not trash,2024-09-06 00:00:00,49,143
1886,3,somewhat not trash,2024-06-12 00:00:00,72,731
1887,4,not too shabby,2024-12-06 00:00:00,83,272
1888,5,not too shabby x2,2025-01-06 00:00:00,77,154
1889,2,still trash,2024-11-11 00:00:00,34,920
1890,2,still trash,2022-12-07 00:00:00,87,284
1891,1,trash,2024-10-12 00:00:00,55,685
1892,3,somewhat not trash,2024-08-16 00:00:00,26,114
1893,2,still trash,2025-01-11 00:00:00,28,74
1894,5,not too shabby x2,2025-02-27 00:00:00,78,601
1895,5,not too shabby x2,2024-10-18 00:00:00,54,870
1896,3,somewhat not trash,2023-10-18 00:00:00,72,787
1897,3,somewhat not trash,2025-02-24 00:00:00,71,620
1898,1,trash,2025-02-26 00:00:00,29,199
1899,4,not too shabby,2023-02-02 00:00:00,35,386
1900,5,not too shabby x2,2024-12-18 00:00:00,104,282
1901,1,trash,2024-05-23 00:00:00,91,229
1902,4,not too shabby,2024-08-17 00:00:00,87,122
1903,3,somewhat not trash,2024-06-19 00:00:00,42,928
1904,2,still trash,2024-11-26 00:00:00,63,164
1905,1,trash,2024-10-19 00:00:00,59,208
1906,3,somewhat not trash,2023-11-27 00:00:00,48,559
1907,3,somewhat not trash,2024-02-08 00:00:00,47,610
1908,4,not too shabby,2024-12-01 00:00:00,14,367
1909,5,not too shabby x2,2025-03-07 00:00:00,61,94
1910,1,trash,2024-11-18 00:00:00,24,662
1911,2,still trash,2025-02-04 00:00:00,50,717
1912,2,still trash,2024-11-06 00:00:00,79,581
1913,3,somewhat not trash,2024-11-18 00:00:00,15,803
1914,3,somewhat not trash,2025-02-08 00:00:00,62,972
1915,1,trash,2024-04-26 00:00:00,98,487
1916,5,not too shabby x2,2024-12-22 00:00:00,32,221
1917,4,not too shabby,2024-11-21 00:00:00,13,545
1918,4,not too shabby,2024-09-26 00:00:00,78,348
1919,2,still trash,2025-01-26 00:00:00,82,966
1920,5,not too shabby x2,2025-01-13 00:00:00,31,764
1921,1,trash,2024-10-19 00:00:00,38,391
1922,3,somewhat not trash,2024-10-04 00:00:00,54,208
1923,5,not too shabby x2,2023-04-12 00:00:00,78,567
1924,5,not too shabby x2,2024-05-31 00:00:00,84,444
1925,5,not too shabby x2,2024-03-02 00:00:00,22,484
1926,2,still trash,2024-10-30 00:00:00,43,847
1927,2,still trash,2024-12-04 00:00:00,2,596
1928,2,still trash,2024-04-03 00:00:00,94,592
1929,1,trash,2024-10-27 00:00:00,69,659
1930,3,somewhat not trash,2024-01-23 00:00:00,37,712
1931,5,not too shabby x2,2025-02-01 00:00:00,42,833
1932,1,trash,2024-10-02 00:00:00,100,831
1933,2,still trash,2025-01-22 00:00:00,55,421
1934,3,somewhat not trash,2024-08-24 00:00:00,97,326
1935,1,trash,2024-03-15 00:00:00,97,215
1936,4,not too shabby,2023-06-06 00:00:00,4,81
1937,3,somewhat not trash,2024-11-13 00:00:00,43,543
1938,1,trash,2024-10-23 00:00:00,28,104
1939,4,not too shabby,2025-02-11 00:00:00,60,317
1940,2,still trash,2022-12-10 00:00:00,87,873
1941,1,trash,2024-12-22 00:00:00,13,17
1942,5,not too shabby x2,2024-11-26 00:00:00,101,294
1943,5,not too shabby x2,2024-04-27 00:00:00,42,78
1944,2,still trash,2025-02-24 00:00:00,23,498
1945,2,still trash,2024-10-24 00:00:00,98,707
1946,3,somewhat not trash,2025-02-13 00:00:00,71,145
1947,2,still trash,2024-04-11 00:00:00,7,581
1948,2,still trash,2025-01-25 00:00:00,65,493
1949,1,trash,2024-11-23 00:00:00,52,362
1950,5,not too shabby x2,2024-12-31 00:00:00,21,845
1951,1,trash,2022-08-20 00:00:00,47,297
1952,3,somewhat not trash,2024-10-21 00:00:00,56,197
1953,4,not too shabby,2024-12-12 00:00:00,88,933
1954,1,trash,2024-12-27 00:00:00,54,368
1955,3,somewhat not trash,2023-03-29 00:00:00,86,696
1956,4,not too shabby,2024-02-17 00:00:00,99,285
1957,5,not too shabby x2,2024-10-30 00:00:00,22,211
1958,5,not too shabby x2,2024-01-19 00:00:00,41,609
1959,1,trash,2024-07-03 00:00:00,31,111
1960,2,still trash,2025-03-13 00:00:00,17,397
1961,1,trash,2024-08-10 00:00:00,79,439
1962,3,somewhat not trash,2023-08-25 00:00:00,56,914
1963,1,trash,2024-08-06 00:00:00,44,802
1964,2,still trash,2024-11-13 00:00:00,1,852
1965,5,not too shabby x2,2024-08-13 00:00:00,70,320
1966,3,somewhat not trash,2024-11-04 00:00:00,1,788
1967,5,not too shabby x2,2024-12-23 00:00:00,16,890
1968,5,not too shabby x2,2024-11-02 00:00:00,54,537
1969,4,not too shabby,2024-09-30 00:00:00,65,585
1970,3,somewhat not trash,2024-07-02 00:00:00,17,698
1971,4,not too shabby,2024-12-19 00:00:00,53,107
1972,2,still trash,2023-10-31 00:00:00,46,205
1973,3,somewhat not trash,2024-12-02 00:00:00,2,433
1974,5,not too shabby x2,2024-06-22 00:00:00,81,651
1975,1,trash,2023-01-17 00:00:00,84,437
1976,5,not too shabby x2,2023-04-17 00:00:00,58,210
1977,2,still trash,2024-11-19 00:00:00,6,96
1978,2,still trash,2024-08-26 00:00:00,77,846
1979,4,not too shabby,2024-11-04 00:00:00,27,96
1980,4,not too shabby,2024-07-15 00:00:00,55,218
1981,1,trash,2023-08-31 00:00:00,69,129
1982,2,still trash,2024-08-05 00:00:00,97,598
1983,5,not too shabby x2,2025-01-23 00:00:00,26,78
1984,3,somewhat not trash,2024-02-06 00:00:00,87,545
1985,1,trash,2024-11-30 00:00:00,41,662
1986,3,somewhat not trash,2025-02-16 00:00:00,58,286
1987,2,still trash,2024-03-12 00:00:00,43,616
1988,1,trash,2025-02-26 00:00:00,61,179
1989,2,still trash,2024-11-07 00:00:00,71,225
1990,4,not too shabby,2024-11-09 00:00:00,21,955
1991,1,trash,2024-12-21 00:00:00,97,626
1992,2,still trash,2024-11-15 00:00:00,51,715
1993,1,trash,2024-09-25 00:00:00,32,573
1994,3,somewhat not trash,2024-11-21 00:00:00,28,831
1995,3,somewhat not trash,2024-02-13 00:00:00,58,638
1996,4,not too shabby,2025-02-26 00:00:00,71,270
1997,1,trash,2023-03-19 00:00:00,87,789
1998,2,still trash,2024-11-28 00:00:00,97,73
1999,1,trash,2025-03-02 00:00:00,101,426
